-- phpMyAdmin SQL Dump
-- version 5.0.2
-- https://www.phpmyadmin.net/
--
-- Host: 127.0.0.1
-- Generation Time: Mar 08, 2021 at 04:26 PM
-- Server version: 10.4.14-MariaDB
-- PHP Version: 7.2.33

SET SQL_MODE = "NO_AUTO_VALUE_ON_ZERO";
START TRANSACTION;
SET time_zone = "+00:00";


/*!40101 SET @OLD_CHARACTER_SET_CLIENT=@@CHARACTER_SET_CLIENT */;
/*!40101 SET @OLD_CHARACTER_SET_RESULTS=@@CHARACTER_SET_RESULTS */;
/*!40101 SET @OLD_COLLATION_CONNECTION=@@COLLATION_CONNECTION */;
/*!40101 SET NAMES utf8mb4 */;

--
-- Database: `laravel-test-master`
--

-- --------------------------------------------------------

--
-- Table structure for table `companies`
--

CREATE TABLE `companies` (
  `id` int(10) UNSIGNED NOT NULL,
  `name` varchar(255) COLLATE utf8mb4_unicode_ci NOT NULL,
  `company_type_id` int(10) UNSIGNED NOT NULL,
  `company_status_id` int(10) UNSIGNED NOT NULL,
  `created_at` timestamp NULL DEFAULT NULL,
  `updated_at` timestamp NULL DEFAULT NULL
) ENGINE=InnoDB DEFAULT CHARSET=utf8mb4 COLLATE=utf8mb4_unicode_ci;

--
-- Dumping data for table `companies`
--

INSERT INTO `companies` (`id`, `name`, `company_type_id`, `company_status_id`, `created_at`, `updated_at`) VALUES
(1, 'Kutch, Krajcik and Ebert', 1, 4, '2021-03-08 13:13:05', '2021-03-08 13:13:05'),
(2, 'Bogisich PLC', 3, 2, '2021-03-08 13:13:05', '2021-03-08 13:13:05'),
(3, 'Schowalter-Rempel', 4, 2, '2021-03-08 13:13:05', '2021-03-08 13:13:05'),
(4, 'Leffler, Powlowski and Mayert', 4, 1, '2021-03-08 13:13:05', '2021-03-08 13:13:05'),
(5, 'Williamson PLC', 2, 4, '2021-03-08 13:13:05', '2021-03-08 13:13:05'),
(6, 'Swift-Strosin', 2, 1, '2021-03-08 13:13:05', '2021-03-08 13:13:05'),
(7, 'Durgan Group', 4, 2, '2021-03-08 13:13:05', '2021-03-08 13:13:05'),
(8, 'Reynolds, Larson and Zemlak', 1, 2, '2021-03-08 13:13:05', '2021-03-08 13:13:05'),
(9, 'Gleichner-Fisher', 2, 3, '2021-03-08 13:13:05', '2021-03-08 13:13:05'),
(10, 'Conroy PLC', 2, 1, '2021-03-08 13:13:05', '2021-03-08 13:13:05'),
(11, 'Dietrich and Sons', 4, 3, '2021-03-08 13:13:05', '2021-03-08 13:13:05'),
(12, 'Runolfsson Ltd', 3, 1, '2021-03-08 13:13:05', '2021-03-08 13:13:05'),
(13, 'Bergnaum and Sons', 4, 3, '2021-03-08 13:13:05', '2021-03-08 13:13:05'),
(14, 'Bruen-Emard', 4, 1, '2021-03-08 13:13:05', '2021-03-08 13:13:05'),
(15, 'Powlowski Inc', 4, 1, '2021-03-08 13:13:05', '2021-03-08 13:13:05'),
(16, 'Keebler, Lubowitz and Smith', 1, 2, '2021-03-08 13:13:05', '2021-03-08 13:13:05'),
(17, 'Pouros Group', 3, 1, '2021-03-08 13:13:05', '2021-03-08 13:13:05'),
(18, 'Kautzer-Gutmann', 2, 3, '2021-03-08 13:13:05', '2021-03-08 13:13:05'),
(19, 'White, Prosacco and Dickinson', 2, 1, '2021-03-08 13:13:05', '2021-03-08 13:13:05'),
(20, 'Abshire, Cummerata and O\'Reilly', 1, 1, '2021-03-08 13:13:05', '2021-03-08 13:13:05'),
(21, 'Aufderhar-Hauck', 2, 3, '2021-03-08 13:13:05', '2021-03-08 13:13:05'),
(22, 'Stark, Larson and Ledner', 4, 1, '2021-03-08 13:13:05', '2021-03-08 13:13:05'),
(23, 'Lakin, Hills and Reynolds', 2, 2, '2021-03-08 13:13:05', '2021-03-08 13:13:05'),
(24, 'Lesch, Kessler and Bailey', 2, 1, '2021-03-08 13:13:05', '2021-03-08 13:13:05'),
(25, 'Lesch, Parisian and Parker', 1, 2, '2021-03-08 13:13:05', '2021-03-08 13:13:05'),
(26, 'Smith-Kertzmann', 1, 2, '2021-03-08 13:13:05', '2021-03-08 13:13:05'),
(27, 'Altenwerth-Schmeler', 4, 4, '2021-03-08 13:13:05', '2021-03-08 13:13:05'),
(28, 'Fritsch Group', 4, 4, '2021-03-08 13:13:05', '2021-03-08 13:13:05'),
(29, 'Kuhic Group', 2, 1, '2021-03-08 13:13:05', '2021-03-08 13:13:05'),
(30, 'Connelly and Sons', 2, 4, '2021-03-08 13:13:05', '2021-03-08 13:13:05'),
(31, 'Okuneva, Kunze and McLaughlin', 1, 1, '2021-03-08 13:13:05', '2021-03-08 13:13:05'),
(32, 'Ankunding-Kautzer', 1, 1, '2021-03-08 13:13:05', '2021-03-08 13:13:05'),
(33, 'Herzog Inc', 1, 4, '2021-03-08 13:13:05', '2021-03-08 13:13:05'),
(34, 'Nicolas, Hill and Roberts', 2, 4, '2021-03-08 13:13:05', '2021-03-08 13:13:05'),
(35, 'Upton Inc', 2, 1, '2021-03-08 13:13:05', '2021-03-08 13:13:05'),
(36, 'Altenwerth and Sons', 1, 2, '2021-03-08 13:13:05', '2021-03-08 13:13:05'),
(37, 'Brown, Wolf and Bruen', 4, 3, '2021-03-08 13:13:05', '2021-03-08 13:13:05'),
(38, 'Koelpin-Auer', 2, 2, '2021-03-08 13:13:05', '2021-03-08 13:13:05'),
(39, 'Lebsack Inc', 1, 4, '2021-03-08 13:13:05', '2021-03-08 13:13:05'),
(40, 'Dare Group', 4, 3, '2021-03-08 13:13:05', '2021-03-08 13:13:05'),
(41, 'Wintheiser, Grimes and Rogahn', 3, 1, '2021-03-08 13:13:05', '2021-03-08 13:13:05'),
(42, 'Bernier, Doyle and Reinger', 4, 2, '2021-03-08 13:13:05', '2021-03-08 13:13:05'),
(43, 'Blanda-Schulist', 4, 3, '2021-03-08 13:13:05', '2021-03-08 13:13:05'),
(44, 'Hahn-Denesik', 2, 1, '2021-03-08 13:13:05', '2021-03-08 13:13:05'),
(45, 'Kris PLC', 1, 4, '2021-03-08 13:13:05', '2021-03-08 13:13:05'),
(46, 'Quigley, Champlin and Barton', 4, 2, '2021-03-08 13:13:05', '2021-03-08 13:13:05'),
(47, 'Mayert-Kris', 2, 4, '2021-03-08 13:13:05', '2021-03-08 13:13:05'),
(48, 'Jacobs, Dickinson and Hudson', 3, 2, '2021-03-08 13:13:05', '2021-03-08 13:13:05'),
(49, 'Blick Group', 2, 4, '2021-03-08 13:13:05', '2021-03-08 13:13:05'),
(50, 'Schultz-Satterfield', 4, 1, '2021-03-08 13:13:05', '2021-03-08 13:13:05'),
(51, 'Heathcote, Keeling and Weissnat', 1, 4, '2021-03-08 13:13:05', '2021-03-08 13:13:05'),
(52, 'Senger and Sons', 2, 1, '2021-03-08 13:13:05', '2021-03-08 13:13:05'),
(53, 'Barrows, O\'Connell and Fadel', 3, 1, '2021-03-08 13:13:05', '2021-03-08 13:13:05'),
(54, 'Johns, Stoltenberg and Baumbach', 4, 2, '2021-03-08 13:13:05', '2021-03-08 13:13:05'),
(55, 'Turner-Boehm', 4, 1, '2021-03-08 13:13:05', '2021-03-08 13:13:05'),
(56, 'Zieme, Graham and Jenkins', 4, 4, '2021-03-08 13:13:05', '2021-03-08 13:13:05'),
(57, 'Schmeler, Mosciski and Hayes', 4, 2, '2021-03-08 13:13:05', '2021-03-08 13:13:05'),
(58, 'Monahan PLC', 4, 3, '2021-03-08 13:13:05', '2021-03-08 13:13:05'),
(59, 'Kling-Kuhic', 2, 3, '2021-03-08 13:13:05', '2021-03-08 13:13:05'),
(60, 'Kutch, Cronin and Paucek', 2, 2, '2021-03-08 13:13:05', '2021-03-08 13:13:05'),
(61, 'Brekke, Boehm and Rempel', 1, 3, '2021-03-08 13:13:05', '2021-03-08 13:13:05'),
(62, 'Pacocha Ltd', 3, 4, '2021-03-08 13:13:05', '2021-03-08 13:13:05'),
(63, 'Blick-Brekke', 3, 3, '2021-03-08 13:13:05', '2021-03-08 13:13:05'),
(64, 'Hagenes and Sons', 3, 4, '2021-03-08 13:13:05', '2021-03-08 13:13:05'),
(65, 'Bartell, Spinka and Schaden', 3, 4, '2021-03-08 13:13:05', '2021-03-08 13:13:05'),
(66, 'Macejkovic Inc', 3, 4, '2021-03-08 13:13:05', '2021-03-08 13:13:05'),
(67, 'Flatley, Dooley and Sipes', 3, 4, '2021-03-08 13:13:05', '2021-03-08 13:13:05'),
(68, 'Jerde-Kreiger', 3, 1, '2021-03-08 13:13:05', '2021-03-08 13:13:05'),
(69, 'Stroman Inc', 2, 4, '2021-03-08 13:13:05', '2021-03-08 13:13:05'),
(70, 'Senger, Rau and Dooley', 2, 1, '2021-03-08 13:13:05', '2021-03-08 13:13:05'),
(71, 'Krajcik, Corwin and Murazik', 4, 3, '2021-03-08 13:13:05', '2021-03-08 13:13:05'),
(72, 'Renner, Stiedemann and Schmeler', 3, 4, '2021-03-08 13:13:05', '2021-03-08 13:13:05'),
(73, 'Donnelly, Friesen and Ernser', 2, 2, '2021-03-08 13:13:05', '2021-03-08 13:13:05'),
(74, 'Price-Reinger', 4, 3, '2021-03-08 13:13:05', '2021-03-08 13:13:05'),
(75, 'Shields-Quigley', 1, 2, '2021-03-08 13:13:05', '2021-03-08 13:13:05'),
(76, 'Balistreri Group', 2, 1, '2021-03-08 13:13:05', '2021-03-08 13:13:05'),
(77, 'Rolfson, Hamill and Block', 1, 2, '2021-03-08 13:13:05', '2021-03-08 13:13:05'),
(78, 'Jerde-Borer', 2, 2, '2021-03-08 13:13:05', '2021-03-08 13:13:05'),
(79, 'Streich-Conn', 3, 1, '2021-03-08 13:13:05', '2021-03-08 13:13:05'),
(80, 'Collier Group', 4, 1, '2021-03-08 13:13:05', '2021-03-08 13:13:05'),
(81, 'Abshire PLC', 3, 2, '2021-03-08 13:13:05', '2021-03-08 13:13:05'),
(82, 'Fay, Rippin and Feest', 4, 1, '2021-03-08 13:13:05', '2021-03-08 13:13:05'),
(83, 'Anderson-Mayert', 4, 1, '2021-03-08 13:13:05', '2021-03-08 13:13:05'),
(84, 'Hoeger Ltd', 2, 1, '2021-03-08 13:13:05', '2021-03-08 13:13:05'),
(85, 'Medhurst, Roberts and Jacobi', 3, 3, '2021-03-08 13:13:05', '2021-03-08 13:13:05'),
(86, 'Ritchie PLC', 3, 3, '2021-03-08 13:13:05', '2021-03-08 13:13:05'),
(87, 'Turcotte-Harris', 2, 4, '2021-03-08 13:13:05', '2021-03-08 13:13:05'),
(88, 'Jast-Koss', 2, 4, '2021-03-08 13:13:05', '2021-03-08 13:13:05'),
(89, 'Deckow, Spencer and White', 2, 3, '2021-03-08 13:13:05', '2021-03-08 13:13:05'),
(90, 'Jones Ltd', 4, 3, '2021-03-08 13:13:05', '2021-03-08 13:13:05'),
(91, 'Mayert, Koch and Heathcote', 2, 2, '2021-03-08 13:13:05', '2021-03-08 13:13:05'),
(92, 'Koch, Hamill and Lind', 4, 1, '2021-03-08 13:13:05', '2021-03-08 13:13:05'),
(93, 'Connelly-Padberg', 1, 1, '2021-03-08 13:13:05', '2021-03-08 13:13:05'),
(94, 'Osinski, Parisian and Gutkowski', 2, 4, '2021-03-08 13:13:05', '2021-03-08 13:13:05'),
(95, 'King-Bartoletti', 4, 2, '2021-03-08 13:13:05', '2021-03-08 13:13:05'),
(96, 'Von, Funk and Osinski', 4, 3, '2021-03-08 13:13:05', '2021-03-08 13:13:05'),
(97, 'Schulist Inc', 4, 1, '2021-03-08 13:13:05', '2021-03-08 13:13:05'),
(98, 'Hamill-Turner', 3, 2, '2021-03-08 13:13:05', '2021-03-08 13:13:05'),
(99, 'Bahringer-Steuber', 3, 1, '2021-03-08 13:13:05', '2021-03-08 13:13:05'),
(100, 'Williamson, Morissette and Christiansen', 3, 2, '2021-03-08 13:13:05', '2021-03-08 13:13:05'),
(101, 'Balistreri Inc', 4, 3, '2021-03-08 13:13:05', '2021-03-08 13:13:05'),
(102, 'Smith LLC', 3, 1, '2021-03-08 13:13:05', '2021-03-08 13:13:05'),
(103, 'Johnson Ltd', 3, 3, '2021-03-08 13:13:05', '2021-03-08 13:13:05'),
(104, 'Baumbach Ltd', 4, 1, '2021-03-08 13:13:05', '2021-03-08 13:13:05'),
(105, 'Pagac Ltd', 1, 3, '2021-03-08 13:13:05', '2021-03-08 13:13:05'),
(106, 'Lehner-Pagac', 2, 1, '2021-03-08 13:13:05', '2021-03-08 13:13:05'),
(107, 'Dibbert-Waters', 4, 4, '2021-03-08 13:13:05', '2021-03-08 13:13:05'),
(108, 'Johns Ltd', 2, 4, '2021-03-08 13:13:05', '2021-03-08 13:13:05'),
(109, 'Leannon PLC', 4, 1, '2021-03-08 13:13:05', '2021-03-08 13:13:05'),
(110, 'Bins-O\'Conner', 2, 1, '2021-03-08 13:13:05', '2021-03-08 13:13:05'),
(111, 'Kautzer Inc', 1, 2, '2021-03-08 13:13:05', '2021-03-08 13:13:05'),
(112, 'Pollich, Toy and Bednar', 2, 2, '2021-03-08 13:13:05', '2021-03-08 13:13:05'),
(113, 'Mertz-Hoppe', 3, 2, '2021-03-08 13:13:05', '2021-03-08 13:13:05'),
(114, 'Crona and Sons', 1, 4, '2021-03-08 13:13:05', '2021-03-08 13:13:05'),
(115, 'Brown-Becker', 1, 4, '2021-03-08 13:13:05', '2021-03-08 13:13:05'),
(116, 'McKenzie, Armstrong and Toy', 1, 4, '2021-03-08 13:13:05', '2021-03-08 13:13:05'),
(117, 'Marvin Inc', 4, 3, '2021-03-08 13:13:05', '2021-03-08 13:13:05'),
(118, 'Mohr, Treutel and Windler', 1, 2, '2021-03-08 13:13:05', '2021-03-08 13:13:05'),
(119, 'Carter-Gusikowski', 1, 4, '2021-03-08 13:13:05', '2021-03-08 13:13:05'),
(120, 'Zulauf and Sons', 3, 2, '2021-03-08 13:13:05', '2021-03-08 13:13:05'),
(121, 'Lubowitz-Fahey', 4, 4, '2021-03-08 13:13:05', '2021-03-08 13:13:05'),
(122, 'Tillman Group', 1, 1, '2021-03-08 13:13:05', '2021-03-08 13:13:05'),
(123, 'Sporer LLC', 3, 3, '2021-03-08 13:13:05', '2021-03-08 13:13:05'),
(124, 'Cruickshank, Langworth and Altenwerth', 1, 2, '2021-03-08 13:13:05', '2021-03-08 13:13:05'),
(125, 'Wehner-Jast', 3, 2, '2021-03-08 13:13:05', '2021-03-08 13:13:05'),
(126, 'Skiles-Herzog', 3, 2, '2021-03-08 13:13:05', '2021-03-08 13:13:05'),
(127, 'Little and Sons', 1, 1, '2021-03-08 13:13:05', '2021-03-08 13:13:05'),
(128, 'Koss-Kris', 3, 1, '2021-03-08 13:13:05', '2021-03-08 13:13:05'),
(129, 'Fay PLC', 3, 3, '2021-03-08 13:13:05', '2021-03-08 13:13:05'),
(130, 'Sipes-Hoeger', 1, 2, '2021-03-08 13:13:05', '2021-03-08 13:13:05'),
(131, 'Smitham, Davis and Armstrong', 1, 3, '2021-03-08 13:13:05', '2021-03-08 13:13:05'),
(132, 'Nitzsche Ltd', 2, 2, '2021-03-08 13:13:05', '2021-03-08 13:13:05'),
(133, 'Feest, Robel and Boehm', 3, 4, '2021-03-08 13:13:05', '2021-03-08 13:13:05'),
(134, 'Conroy-Lang', 1, 4, '2021-03-08 13:13:05', '2021-03-08 13:13:05'),
(135, 'Feest-Rath', 1, 1, '2021-03-08 13:13:05', '2021-03-08 13:13:05'),
(136, 'Boyer-Sawayn', 2, 2, '2021-03-08 13:13:05', '2021-03-08 13:13:05'),
(137, 'Cruickshank-Heidenreich', 2, 4, '2021-03-08 13:13:05', '2021-03-08 13:13:05'),
(138, 'O\'Hara, Stoltenberg and Gibson', 3, 1, '2021-03-08 13:13:05', '2021-03-08 13:13:05'),
(139, 'Kuhlman, Gibson and O\'Kon', 4, 1, '2021-03-08 13:13:05', '2021-03-08 13:13:05'),
(140, 'Lemke, Carroll and Shields', 1, 4, '2021-03-08 13:13:05', '2021-03-08 13:13:05'),
(141, 'Cole, Muller and Hettinger', 3, 2, '2021-03-08 13:13:05', '2021-03-08 13:13:05'),
(142, 'Sanford, Zulauf and Towne', 2, 2, '2021-03-08 13:13:05', '2021-03-08 13:13:05'),
(143, 'Reilly Ltd', 2, 1, '2021-03-08 13:13:05', '2021-03-08 13:13:05'),
(144, 'Koelpin Ltd', 3, 4, '2021-03-08 13:13:05', '2021-03-08 13:13:05'),
(145, 'Reynolds-Haley', 4, 2, '2021-03-08 13:13:05', '2021-03-08 13:13:05'),
(146, 'Hirthe, Grady and Kris', 1, 3, '2021-03-08 13:13:05', '2021-03-08 13:13:05'),
(147, 'Collins PLC', 1, 1, '2021-03-08 13:13:05', '2021-03-08 13:13:05'),
(148, 'Medhurst, Carter and Konopelski', 1, 2, '2021-03-08 13:13:05', '2021-03-08 13:13:05'),
(149, 'Mills PLC', 3, 2, '2021-03-08 13:13:05', '2021-03-08 13:13:05'),
(150, 'Rice Ltd', 3, 2, '2021-03-08 13:13:05', '2021-03-08 13:13:05'),
(151, 'Torp-Ward', 1, 4, '2021-03-08 13:13:05', '2021-03-08 13:13:05'),
(152, 'McGlynn-Thiel', 2, 2, '2021-03-08 13:13:05', '2021-03-08 13:13:05'),
(153, 'Bailey LLC', 2, 2, '2021-03-08 13:13:05', '2021-03-08 13:13:05'),
(154, 'Blick LLC', 3, 4, '2021-03-08 13:13:05', '2021-03-08 13:13:05'),
(155, 'Huel PLC', 3, 4, '2021-03-08 13:13:05', '2021-03-08 13:13:05'),
(156, 'Hills LLC', 1, 2, '2021-03-08 13:13:05', '2021-03-08 13:13:05'),
(157, 'Friesen-O\'Hara', 3, 1, '2021-03-08 13:13:05', '2021-03-08 13:13:05'),
(158, 'Volkman-Weimann', 3, 3, '2021-03-08 13:13:05', '2021-03-08 13:13:05'),
(159, 'Hickle-Hilpert', 2, 4, '2021-03-08 13:13:05', '2021-03-08 13:13:05'),
(160, 'Rosenbaum-Ebert', 4, 4, '2021-03-08 13:13:05', '2021-03-08 13:13:05'),
(161, 'Heller, Glover and Hegmann', 2, 4, '2021-03-08 13:13:05', '2021-03-08 13:13:05'),
(162, 'Labadie-Goyette', 4, 1, '2021-03-08 13:13:05', '2021-03-08 13:13:05'),
(163, 'Haag-Quigley', 3, 4, '2021-03-08 13:13:05', '2021-03-08 13:13:05'),
(164, 'Sanford Inc', 4, 1, '2021-03-08 13:13:05', '2021-03-08 13:13:05'),
(165, 'Turner, Halvorson and Wiza', 4, 3, '2021-03-08 13:13:05', '2021-03-08 13:13:05'),
(166, 'Beer-O\'Kon', 1, 1, '2021-03-08 13:13:05', '2021-03-08 13:13:05'),
(167, 'Schulist-Wehner', 4, 1, '2021-03-08 13:13:05', '2021-03-08 13:13:05'),
(168, 'McDermott Inc', 3, 4, '2021-03-08 13:13:05', '2021-03-08 13:13:05'),
(169, 'Yost, Bruen and Conroy', 2, 1, '2021-03-08 13:13:05', '2021-03-08 13:13:05'),
(170, 'Roberts-Emmerich', 4, 2, '2021-03-08 13:13:05', '2021-03-08 13:13:05'),
(171, 'O\'Reilly LLC', 4, 3, '2021-03-08 13:13:05', '2021-03-08 13:13:05'),
(172, 'Aufderhar, Kirlin and Schneider', 3, 4, '2021-03-08 13:13:05', '2021-03-08 13:13:05'),
(173, 'Walker PLC', 4, 1, '2021-03-08 13:13:05', '2021-03-08 13:13:05'),
(174, 'Tremblay, Crona and Reynolds', 3, 1, '2021-03-08 13:13:05', '2021-03-08 13:13:05'),
(175, 'Hoppe, Grimes and Harber', 1, 2, '2021-03-08 13:13:05', '2021-03-08 13:13:05'),
(176, 'Pacocha, Pacocha and Kohler', 3, 3, '2021-03-08 13:13:05', '2021-03-08 13:13:05'),
(177, 'Rowe-Metz', 2, 1, '2021-03-08 13:13:05', '2021-03-08 13:13:05'),
(178, 'Kuvalis, Watsica and Effertz', 4, 2, '2021-03-08 13:13:05', '2021-03-08 13:13:05'),
(179, 'Wintheiser-Russel', 3, 2, '2021-03-08 13:13:05', '2021-03-08 13:13:05'),
(180, 'Powlowski-Yost', 3, 4, '2021-03-08 13:13:05', '2021-03-08 13:13:05'),
(181, 'Armstrong, Beahan and Mohr', 3, 1, '2021-03-08 13:13:05', '2021-03-08 13:13:05'),
(182, 'Bergstrom, Toy and Krajcik', 2, 4, '2021-03-08 13:13:05', '2021-03-08 13:13:05'),
(183, 'Klein Ltd', 4, 3, '2021-03-08 13:13:05', '2021-03-08 13:13:05'),
(184, 'Hegmann-Streich', 3, 2, '2021-03-08 13:13:05', '2021-03-08 13:13:05'),
(185, 'Huel-Jakubowski', 4, 3, '2021-03-08 13:13:05', '2021-03-08 13:13:05'),
(186, 'Rutherford, Breitenberg and Berge', 3, 2, '2021-03-08 13:13:05', '2021-03-08 13:13:05'),
(187, 'Simonis, Sawayn and Reinger', 2, 4, '2021-03-08 13:13:05', '2021-03-08 13:13:05'),
(188, 'Hills-Cronin', 3, 4, '2021-03-08 13:13:05', '2021-03-08 13:13:05'),
(189, 'Macejkovic PLC', 1, 2, '2021-03-08 13:13:05', '2021-03-08 13:13:05'),
(190, 'Schumm and Sons', 1, 4, '2021-03-08 13:13:05', '2021-03-08 13:13:05'),
(191, 'Bergnaum and Sons', 3, 1, '2021-03-08 13:13:05', '2021-03-08 13:13:05'),
(192, 'McClure-Dickinson', 3, 3, '2021-03-08 13:13:05', '2021-03-08 13:13:05'),
(193, 'Harris Group', 1, 3, '2021-03-08 13:13:05', '2021-03-08 13:13:05'),
(194, 'O\'Hara-Fisher', 1, 4, '2021-03-08 13:13:05', '2021-03-08 13:13:05'),
(195, 'O\'Kon-Torphy', 2, 4, '2021-03-08 13:13:05', '2021-03-08 13:13:05'),
(196, 'Doyle, Stanton and Eichmann', 3, 1, '2021-03-08 13:13:05', '2021-03-08 13:13:05'),
(197, 'Schmidt Group', 4, 4, '2021-03-08 13:13:05', '2021-03-08 13:13:05'),
(198, 'Adams Inc', 3, 3, '2021-03-08 13:13:05', '2021-03-08 13:13:05'),
(199, 'Reinger, Cummerata and Price', 3, 4, '2021-03-08 13:13:05', '2021-03-08 13:13:05'),
(200, 'Gislason and Sons', 3, 4, '2021-03-08 13:13:05', '2021-03-08 13:13:05'),
(201, 'Lakin Group', 3, 4, '2021-03-08 13:13:05', '2021-03-08 13:13:05'),
(202, 'Mohr, Gleason and Shanahan', 4, 3, '2021-03-08 13:13:05', '2021-03-08 13:13:05'),
(203, 'Heaney, Rice and Bode', 2, 2, '2021-03-08 13:13:05', '2021-03-08 13:13:05'),
(204, 'Kihn LLC', 1, 3, '2021-03-08 13:13:05', '2021-03-08 13:13:05'),
(205, 'Keeling and Sons', 1, 1, '2021-03-08 13:13:05', '2021-03-08 13:13:05'),
(206, 'Connelly-Kihn', 4, 1, '2021-03-08 13:13:05', '2021-03-08 13:13:05'),
(207, 'Heaney, Harvey and Hyatt', 4, 1, '2021-03-08 13:13:05', '2021-03-08 13:13:05'),
(208, 'Harber-Christiansen', 1, 1, '2021-03-08 13:13:05', '2021-03-08 13:13:05'),
(209, 'Weissnat PLC', 4, 1, '2021-03-08 13:13:05', '2021-03-08 13:13:05'),
(210, 'Schmidt-Wilderman', 3, 4, '2021-03-08 13:13:05', '2021-03-08 13:13:05'),
(211, 'O\'Hara-O\'Conner', 1, 3, '2021-03-08 13:13:05', '2021-03-08 13:13:05'),
(212, 'Rohan-Marquardt', 3, 3, '2021-03-08 13:13:05', '2021-03-08 13:13:05'),
(213, 'O\'Hara and Sons', 3, 2, '2021-03-08 13:13:05', '2021-03-08 13:13:05'),
(214, 'Doyle, Volkman and Luettgen', 4, 2, '2021-03-08 13:13:05', '2021-03-08 13:13:05'),
(215, 'Spinka Group', 2, 1, '2021-03-08 13:13:05', '2021-03-08 13:13:05'),
(216, 'Murphy-Schowalter', 4, 4, '2021-03-08 13:13:05', '2021-03-08 13:13:05'),
(217, 'Metz Group', 1, 3, '2021-03-08 13:13:05', '2021-03-08 13:13:05'),
(218, 'Fisher-West', 4, 2, '2021-03-08 13:13:05', '2021-03-08 13:13:05'),
(219, 'Muller, Spinka and Harber', 4, 3, '2021-03-08 13:13:05', '2021-03-08 13:13:05'),
(220, 'Krajcik Ltd', 3, 2, '2021-03-08 13:13:05', '2021-03-08 13:13:05'),
(221, 'Hane Ltd', 1, 3, '2021-03-08 13:13:05', '2021-03-08 13:13:05'),
(222, 'Howe and Sons', 3, 2, '2021-03-08 13:13:05', '2021-03-08 13:13:05'),
(223, 'Lang, Koch and Abbott', 3, 2, '2021-03-08 13:13:05', '2021-03-08 13:13:05'),
(224, 'Ratke and Sons', 4, 3, '2021-03-08 13:13:05', '2021-03-08 13:13:05'),
(225, 'Legros-Deckow', 1, 3, '2021-03-08 13:13:05', '2021-03-08 13:13:05'),
(226, 'Langworth, Dare and Schmeler', 3, 1, '2021-03-08 13:13:05', '2021-03-08 13:13:05'),
(227, 'Kemmer-Rice', 4, 3, '2021-03-08 13:13:05', '2021-03-08 13:13:05'),
(228, 'Powlowski and Sons', 2, 3, '2021-03-08 13:13:05', '2021-03-08 13:13:05'),
(229, 'Batz-Ortiz', 3, 3, '2021-03-08 13:13:05', '2021-03-08 13:13:05'),
(230, 'Gutkowski Ltd', 2, 3, '2021-03-08 13:13:05', '2021-03-08 13:13:05'),
(231, 'Labadie-Franecki', 4, 1, '2021-03-08 13:13:05', '2021-03-08 13:13:05'),
(232, 'Powlowski, Collins and Jenkins', 4, 4, '2021-03-08 13:13:05', '2021-03-08 13:13:05'),
(233, 'Crist, Gusikowski and Gleason', 2, 1, '2021-03-08 13:13:05', '2021-03-08 13:13:05'),
(234, 'Kessler-Hoeger', 2, 1, '2021-03-08 13:13:05', '2021-03-08 13:13:05'),
(235, 'Bergnaum Inc', 4, 3, '2021-03-08 13:13:05', '2021-03-08 13:13:05'),
(236, 'Crooks, Schultz and Lueilwitz', 4, 1, '2021-03-08 13:13:05', '2021-03-08 13:13:05'),
(237, 'Pacocha, Ledner and Halvorson', 2, 2, '2021-03-08 13:13:05', '2021-03-08 13:13:05'),
(238, 'McDermott, Cummerata and Hartmann', 1, 3, '2021-03-08 13:13:05', '2021-03-08 13:13:05'),
(239, 'Jacobi Ltd', 4, 4, '2021-03-08 13:13:05', '2021-03-08 13:13:05'),
(240, 'O\'Connell, Brown and Kutch', 1, 2, '2021-03-08 13:13:05', '2021-03-08 13:13:05'),
(241, 'Kling-Mitchell', 2, 4, '2021-03-08 13:13:05', '2021-03-08 13:13:05'),
(242, 'McClure Group', 1, 3, '2021-03-08 13:13:05', '2021-03-08 13:13:05'),
(243, 'Hills, Jacobs and Harvey', 2, 4, '2021-03-08 13:13:05', '2021-03-08 13:13:05'),
(244, 'Langworth, Reichert and VonRueden', 4, 4, '2021-03-08 13:13:05', '2021-03-08 13:13:05'),
(245, 'Brown, Douglas and Champlin', 1, 1, '2021-03-08 13:13:05', '2021-03-08 13:13:05'),
(246, 'Moore PLC', 2, 4, '2021-03-08 13:13:05', '2021-03-08 13:13:05'),
(247, 'Ward, Herzog and Douglas', 3, 2, '2021-03-08 13:13:05', '2021-03-08 13:13:05'),
(248, 'Reinger, Pollich and Kovacek', 3, 4, '2021-03-08 13:13:05', '2021-03-08 13:13:05'),
(249, 'Williamson PLC', 3, 2, '2021-03-08 13:13:05', '2021-03-08 13:13:05'),
(250, 'McCullough LLC', 1, 1, '2021-03-08 13:13:05', '2021-03-08 13:13:05');

-- --------------------------------------------------------

--
-- Table structure for table `company_statuses`
--

CREATE TABLE `company_statuses` (
  `id` int(10) UNSIGNED NOT NULL,
  `name` varchar(255) COLLATE utf8mb4_unicode_ci NOT NULL,
  `created_at` timestamp NULL DEFAULT NULL,
  `updated_at` timestamp NULL DEFAULT NULL
) ENGINE=InnoDB DEFAULT CHARSET=utf8mb4 COLLATE=utf8mb4_unicode_ci;

--
-- Dumping data for table `company_statuses`
--

INSERT INTO `company_statuses` (`id`, `name`, `created_at`, `updated_at`) VALUES
(1, 'Active', '2021-03-08 13:13:05', '2021-03-08 13:13:05'),
(2, 'Lost', '2021-03-08 13:13:05', '2021-03-08 13:13:05'),
(3, 'Suspended', '2021-03-08 13:13:05', '2021-03-08 13:13:05'),
(4, 'Prospect', '2021-03-08 13:13:05', '2021-03-08 13:13:05');

-- --------------------------------------------------------

--
-- Table structure for table `company_types`
--

CREATE TABLE `company_types` (
  `id` int(10) UNSIGNED NOT NULL,
  `name` varchar(255) COLLATE utf8mb4_unicode_ci NOT NULL,
  `created_at` timestamp NULL DEFAULT NULL,
  `updated_at` timestamp NULL DEFAULT NULL
) ENGINE=InnoDB DEFAULT CHARSET=utf8mb4 COLLATE=utf8mb4_unicode_ci;

--
-- Dumping data for table `company_types`
--

INSERT INTO `company_types` (`id`, `name`, `created_at`, `updated_at`) VALUES
(1, 'Distributor', '2021-03-08 13:13:05', '2021-03-08 13:13:05'),
(2, 'Agent', '2021-03-08 13:13:05', '2021-03-08 13:13:05'),
(3, 'Reseller', '2021-03-08 13:13:05', '2021-03-08 13:13:05'),
(4, 'Supplier', '2021-03-08 13:13:05', '2021-03-08 13:13:05');

-- --------------------------------------------------------

--
-- Table structure for table `contacts`
--

CREATE TABLE `contacts` (
  `id` int(10) UNSIGNED NOT NULL,
  `first_name` varchar(255) COLLATE utf8mb4_unicode_ci NOT NULL,
  `last_name` varchar(255) COLLATE utf8mb4_unicode_ci NOT NULL,
  `company_id` int(10) UNSIGNED NOT NULL,
  `contact_role_id` int(10) UNSIGNED NOT NULL,
  `created_at` timestamp NULL DEFAULT NULL,
  `updated_at` timestamp NULL DEFAULT NULL
) ENGINE=InnoDB DEFAULT CHARSET=utf8mb4 COLLATE=utf8mb4_unicode_ci;

--
-- Dumping data for table `contacts`
--

INSERT INTO `contacts` (`id`, `first_name`, `last_name`, `company_id`, `contact_role_id`, `created_at`, `updated_at`) VALUES
(1, 'Sterling', 'Bins', 1, 4, '2021-03-08 13:13:05', '2021-03-08 13:13:05'),
(2, 'Sandra', 'Pfeffer', 2, 3, '2021-03-08 13:13:05', '2021-03-08 13:13:05'),
(3, 'Deshawn', 'Beahan', 2, 1, '2021-03-08 13:13:05', '2021-03-08 13:13:05'),
(4, 'Kayli', 'Champlin', 2, 4, '2021-03-08 13:13:05', '2021-03-08 13:13:05'),
(5, 'Allene', 'Hilpert', 2, 4, '2021-03-08 13:13:05', '2021-03-08 13:13:05'),
(6, 'Jordon', 'Weissnat', 2, 4, '2021-03-08 13:13:05', '2021-03-08 13:13:05'),
(7, 'Kurt', 'Feest', 3, 2, '2021-03-08 13:13:05', '2021-03-08 13:13:05'),
(8, 'Justen', 'Quitzon', 4, 2, '2021-03-08 13:13:05', '2021-03-08 13:13:05'),
(9, 'Myra', 'Dach', 4, 2, '2021-03-08 13:13:05', '2021-03-08 13:13:05'),
(10, 'Annabelle', 'Wuckert', 4, 4, '2021-03-08 13:13:05', '2021-03-08 13:13:05'),
(11, 'Pietro', 'Hayes', 4, 4, '2021-03-08 13:13:05', '2021-03-08 13:13:05'),
(12, 'Santos', 'Strosin', 4, 4, '2021-03-08 13:13:05', '2021-03-08 13:13:05'),
(13, 'Charlotte', 'Bailey', 5, 1, '2021-03-08 13:13:05', '2021-03-08 13:13:05'),
(14, 'Rey', 'Keeling', 5, 3, '2021-03-08 13:13:05', '2021-03-08 13:13:05'),
(15, 'Verlie', 'Friesen', 5, 1, '2021-03-08 13:13:05', '2021-03-08 13:13:05'),
(16, 'Destiny', 'Brekke', 5, 2, '2021-03-08 13:13:05', '2021-03-08 13:13:05'),
(17, 'Baby', 'Pfeffer', 6, 4, '2021-03-08 13:13:05', '2021-03-08 13:13:05'),
(18, 'Quentin', 'Goyette', 7, 4, '2021-03-08 13:13:05', '2021-03-08 13:13:05'),
(19, 'Amparo', 'Rau', 7, 3, '2021-03-08 13:13:05', '2021-03-08 13:13:05'),
(20, 'Santino', 'Swaniawski', 7, 2, '2021-03-08 13:13:05', '2021-03-08 13:13:05'),
(21, 'Randall', 'Cruickshank', 7, 1, '2021-03-08 13:13:05', '2021-03-08 13:13:05'),
(22, 'Nikolas', 'Lehner', 8, 3, '2021-03-08 13:13:05', '2021-03-08 13:13:05'),
(23, 'Hermann', 'McKenzie', 8, 2, '2021-03-08 13:13:05', '2021-03-08 13:13:05'),
(24, 'Vanessa', 'Mertz', 8, 2, '2021-03-08 13:13:05', '2021-03-08 13:13:05'),
(25, 'Victor', 'Cremin', 9, 1, '2021-03-08 13:13:05', '2021-03-08 13:13:05'),
(26, 'Coy', 'Sanford', 9, 2, '2021-03-08 13:13:05', '2021-03-08 13:13:05'),
(27, 'Laisha', 'Veum', 9, 3, '2021-03-08 13:13:05', '2021-03-08 13:13:05'),
(28, 'Isaias', 'Von', 9, 1, '2021-03-08 13:13:05', '2021-03-08 13:13:05'),
(29, 'Kaleigh', 'Satterfield', 9, 4, '2021-03-08 13:13:05', '2021-03-08 13:13:05'),
(30, 'May', 'Monahan', 10, 2, '2021-03-08 13:13:05', '2021-03-08 13:13:05'),
(31, 'Marlen', 'Stehr', 10, 2, '2021-03-08 13:13:05', '2021-03-08 13:13:05'),
(32, 'Rylan', 'Herman', 11, 2, '2021-03-08 13:13:05', '2021-03-08 13:13:05'),
(33, 'Brenna', 'O\'Reilly', 12, 3, '2021-03-08 13:13:05', '2021-03-08 13:13:05'),
(34, 'Prince', 'Conn', 12, 1, '2021-03-08 13:13:05', '2021-03-08 13:13:05'),
(35, 'Diamond', 'Kris', 12, 1, '2021-03-08 13:13:05', '2021-03-08 13:13:05'),
(36, 'Lyda', 'Crooks', 12, 1, '2021-03-08 13:13:05', '2021-03-08 13:13:05'),
(37, 'Seamus', 'Kutch', 12, 3, '2021-03-08 13:13:05', '2021-03-08 13:13:05'),
(38, 'Zetta', 'Toy', 13, 4, '2021-03-08 13:13:05', '2021-03-08 13:13:05'),
(39, 'Cordell', 'Wilkinson', 13, 4, '2021-03-08 13:13:05', '2021-03-08 13:13:05'),
(40, 'Nikki', 'Kiehn', 13, 2, '2021-03-08 13:13:05', '2021-03-08 13:13:05'),
(41, 'Stephon', 'Lehner', 14, 4, '2021-03-08 13:13:05', '2021-03-08 13:13:05'),
(42, 'Demarco', 'Kohler', 15, 1, '2021-03-08 13:13:05', '2021-03-08 13:13:05'),
(43, 'Felipe', 'Balistreri', 15, 2, '2021-03-08 13:13:05', '2021-03-08 13:13:05'),
(44, 'Aniya', 'Ferry', 15, 2, '2021-03-08 13:13:05', '2021-03-08 13:13:05'),
(45, 'Berry', 'Flatley', 15, 3, '2021-03-08 13:13:05', '2021-03-08 13:13:05'),
(46, 'Jackie', 'Lueilwitz', 16, 4, '2021-03-08 13:13:05', '2021-03-08 13:13:05'),
(47, 'Kadin', 'Herzog', 16, 2, '2021-03-08 13:13:05', '2021-03-08 13:13:05'),
(48, 'Fritz', 'Kuphal', 16, 3, '2021-03-08 13:13:05', '2021-03-08 13:13:05'),
(49, 'Charles', 'Adams', 17, 2, '2021-03-08 13:13:05', '2021-03-08 13:13:05'),
(50, 'Oceane', 'Gottlieb', 17, 3, '2021-03-08 13:13:05', '2021-03-08 13:13:05'),
(51, 'Karson', 'Schoen', 17, 2, '2021-03-08 13:13:05', '2021-03-08 13:13:05'),
(52, 'Mekhi', 'Beatty', 17, 3, '2021-03-08 13:13:05', '2021-03-08 13:13:05'),
(53, 'Abbie', 'Schneider', 18, 1, '2021-03-08 13:13:05', '2021-03-08 13:13:05'),
(54, 'Doris', 'Brakus', 18, 3, '2021-03-08 13:13:05', '2021-03-08 13:13:05'),
(55, 'Kane', 'Williamson', 18, 3, '2021-03-08 13:13:05', '2021-03-08 13:13:05'),
(56, 'Santino', 'Kassulke', 18, 4, '2021-03-08 13:13:05', '2021-03-08 13:13:05'),
(57, 'Ida', 'Johnson', 19, 4, '2021-03-08 13:13:05', '2021-03-08 13:13:05'),
(58, 'Brice', 'Willms', 19, 2, '2021-03-08 13:13:05', '2021-03-08 13:13:05'),
(59, 'Kiarra', 'Mraz', 20, 3, '2021-03-08 13:13:05', '2021-03-08 13:13:05'),
(60, 'Olaf', 'Swift', 20, 3, '2021-03-08 13:13:05', '2021-03-08 13:13:05'),
(61, 'Clare', 'Abshire', 20, 1, '2021-03-08 13:13:05', '2021-03-08 13:13:05'),
(62, 'Maudie', 'Carter', 20, 2, '2021-03-08 13:13:05', '2021-03-08 13:13:05'),
(63, 'Lia', 'Bechtelar', 21, 3, '2021-03-08 13:13:05', '2021-03-08 13:13:05'),
(64, 'Geoffrey', 'Simonis', 21, 2, '2021-03-08 13:13:05', '2021-03-08 13:13:05'),
(65, 'Arnold', 'Farrell', 22, 1, '2021-03-08 13:13:05', '2021-03-08 13:13:05'),
(66, 'Gavin', 'Barrows', 22, 1, '2021-03-08 13:13:05', '2021-03-08 13:13:05'),
(67, 'Darrick', 'Legros', 22, 2, '2021-03-08 13:13:05', '2021-03-08 13:13:05'),
(68, 'Shanie', 'Hermann', 22, 4, '2021-03-08 13:13:05', '2021-03-08 13:13:05'),
(69, 'Terrance', 'Stanton', 22, 4, '2021-03-08 13:13:05', '2021-03-08 13:13:05'),
(70, 'Joy', 'Thompson', 23, 4, '2021-03-08 13:13:05', '2021-03-08 13:13:05'),
(71, 'Julie', 'Larkin', 24, 4, '2021-03-08 13:13:05', '2021-03-08 13:13:05'),
(72, 'Audra', 'Gleason', 25, 1, '2021-03-08 13:13:05', '2021-03-08 13:13:05'),
(73, 'Angela', 'Mosciski', 25, 3, '2021-03-08 13:13:05', '2021-03-08 13:13:05'),
(74, 'Jevon', 'Tillman', 25, 4, '2021-03-08 13:13:05', '2021-03-08 13:13:05'),
(75, 'Yoshiko', 'Shanahan', 26, 4, '2021-03-08 13:13:05', '2021-03-08 13:13:05'),
(76, 'Aidan', 'McLaughlin', 27, 1, '2021-03-08 13:13:05', '2021-03-08 13:13:05'),
(77, 'Maya', 'Kuhn', 28, 4, '2021-03-08 13:13:05', '2021-03-08 13:13:05'),
(78, 'Levi', 'Donnelly', 29, 2, '2021-03-08 13:13:05', '2021-03-08 13:13:05'),
(79, 'Dock', 'Pagac', 29, 3, '2021-03-08 13:13:05', '2021-03-08 13:13:05'),
(80, 'Michael', 'Bartoletti', 29, 4, '2021-03-08 13:13:05', '2021-03-08 13:13:05'),
(81, 'Layla', 'Frami', 30, 2, '2021-03-08 13:13:05', '2021-03-08 13:13:05'),
(82, 'Bobbie', 'Witting', 30, 4, '2021-03-08 13:13:05', '2021-03-08 13:13:05'),
(83, 'Reba', 'O\'Conner', 30, 3, '2021-03-08 13:13:05', '2021-03-08 13:13:05'),
(84, 'Amani', 'Cole', 30, 2, '2021-03-08 13:13:05', '2021-03-08 13:13:05'),
(85, 'Gisselle', 'Streich', 31, 2, '2021-03-08 13:13:05', '2021-03-08 13:13:05'),
(86, 'Emanuel', 'Gerhold', 32, 3, '2021-03-08 13:13:05', '2021-03-08 13:13:05'),
(87, 'Kacey', 'Simonis', 32, 1, '2021-03-08 13:13:05', '2021-03-08 13:13:05'),
(88, 'Dino', 'Rodriguez', 32, 1, '2021-03-08 13:13:05', '2021-03-08 13:13:05'),
(89, 'Zechariah', 'Kuhlman', 32, 2, '2021-03-08 13:13:05', '2021-03-08 13:13:05'),
(90, 'Jerrod', 'Senger', 32, 1, '2021-03-08 13:13:05', '2021-03-08 13:13:05'),
(91, 'Kenya', 'Kertzmann', 33, 4, '2021-03-08 13:13:05', '2021-03-08 13:13:05'),
(92, 'Reva', 'Simonis', 33, 1, '2021-03-08 13:13:05', '2021-03-08 13:13:05'),
(93, 'Bernhard', 'Kirlin', 34, 4, '2021-03-08 13:13:05', '2021-03-08 13:13:05'),
(94, 'Jaylen', 'Weimann', 34, 1, '2021-03-08 13:13:05', '2021-03-08 13:13:05'),
(95, 'Tess', 'Paucek', 34, 1, '2021-03-08 13:13:05', '2021-03-08 13:13:05'),
(96, 'Teagan', 'Murphy', 35, 3, '2021-03-08 13:13:05', '2021-03-08 13:13:05'),
(97, 'Antonette', 'Rolfson', 36, 2, '2021-03-08 13:13:05', '2021-03-08 13:13:05'),
(98, 'Fredrick', 'Auer', 36, 1, '2021-03-08 13:13:05', '2021-03-08 13:13:05'),
(99, 'Andres', 'Abshire', 36, 3, '2021-03-08 13:13:05', '2021-03-08 13:13:05'),
(100, 'Dena', 'Reichert', 37, 4, '2021-03-08 13:13:05', '2021-03-08 13:13:05'),
(101, 'Patrick', 'Medhurst', 37, 1, '2021-03-08 13:13:05', '2021-03-08 13:13:05'),
(102, 'Sid', 'Gutmann', 38, 1, '2021-03-08 13:13:05', '2021-03-08 13:13:05'),
(103, 'Pasquale', 'Abshire', 38, 2, '2021-03-08 13:13:05', '2021-03-08 13:13:05'),
(104, 'Abigale', 'McGlynn', 38, 2, '2021-03-08 13:13:05', '2021-03-08 13:13:05'),
(105, 'Elva', 'Turner', 38, 2, '2021-03-08 13:13:05', '2021-03-08 13:13:05'),
(106, 'Jared', 'Hilpert', 39, 3, '2021-03-08 13:13:05', '2021-03-08 13:13:05'),
(107, 'Berta', 'Cronin', 39, 1, '2021-03-08 13:13:05', '2021-03-08 13:13:05'),
(108, 'Eleanora', 'Hane', 39, 3, '2021-03-08 13:13:05', '2021-03-08 13:13:05'),
(109, 'Nya', 'Bartoletti', 40, 4, '2021-03-08 13:13:05', '2021-03-08 13:13:05'),
(110, 'Jerrold', 'McDermott', 40, 1, '2021-03-08 13:13:05', '2021-03-08 13:13:05'),
(111, 'Cathy', 'Strosin', 40, 3, '2021-03-08 13:13:05', '2021-03-08 13:13:05'),
(112, 'Marisol', 'Shanahan', 40, 1, '2021-03-08 13:13:05', '2021-03-08 13:13:05'),
(113, 'Shanel', 'Bode', 41, 3, '2021-03-08 13:13:05', '2021-03-08 13:13:05'),
(114, 'Alexandra', 'Rau', 41, 2, '2021-03-08 13:13:05', '2021-03-08 13:13:05'),
(115, 'Randy', 'Daugherty', 41, 4, '2021-03-08 13:13:05', '2021-03-08 13:13:05'),
(116, 'Columbus', 'Zboncak', 41, 2, '2021-03-08 13:13:05', '2021-03-08 13:13:05'),
(117, 'Levi', 'Johnson', 42, 1, '2021-03-08 13:13:05', '2021-03-08 13:13:05'),
(118, 'Retta', 'Schneider', 42, 4, '2021-03-08 13:13:05', '2021-03-08 13:13:05'),
(119, 'Abigail', 'Sporer', 42, 1, '2021-03-08 13:13:05', '2021-03-08 13:13:05'),
(120, 'Carli', 'Brekke', 42, 1, '2021-03-08 13:13:05', '2021-03-08 13:13:05'),
(121, 'Milton', 'Volkman', 43, 2, '2021-03-08 13:13:05', '2021-03-08 13:13:05'),
(122, 'Keshaun', 'Pagac', 43, 3, '2021-03-08 13:13:05', '2021-03-08 13:13:05'),
(123, 'Reese', 'Anderson', 44, 1, '2021-03-08 13:13:05', '2021-03-08 13:13:05'),
(124, 'Paxton', 'Hand', 45, 1, '2021-03-08 13:13:05', '2021-03-08 13:13:05'),
(125, 'Joel', 'VonRueden', 45, 3, '2021-03-08 13:13:05', '2021-03-08 13:13:05'),
(126, 'Gaston', 'Gleason', 45, 1, '2021-03-08 13:13:05', '2021-03-08 13:13:05'),
(127, 'Celestine', 'Hermann', 46, 1, '2021-03-08 13:13:05', '2021-03-08 13:13:05'),
(128, 'Marina', 'Auer', 46, 1, '2021-03-08 13:13:05', '2021-03-08 13:13:05'),
(129, 'Jessie', 'Kuhic', 46, 2, '2021-03-08 13:13:05', '2021-03-08 13:13:05'),
(130, 'Gaston', 'Johns', 46, 3, '2021-03-08 13:13:05', '2021-03-08 13:13:05'),
(131, 'Dan', 'Hagenes', 46, 4, '2021-03-08 13:13:05', '2021-03-08 13:13:05'),
(132, 'Marjory', 'Mann', 47, 4, '2021-03-08 13:13:05', '2021-03-08 13:13:05'),
(133, 'Jordon', 'Ondricka', 47, 4, '2021-03-08 13:13:05', '2021-03-08 13:13:05'),
(134, 'Ora', 'Leannon', 47, 1, '2021-03-08 13:13:05', '2021-03-08 13:13:05'),
(135, 'Ambrose', 'Terry', 47, 2, '2021-03-08 13:13:05', '2021-03-08 13:13:05'),
(136, 'Mertie', 'Kilback', 48, 1, '2021-03-08 13:13:05', '2021-03-08 13:13:05'),
(137, 'Angel', 'Davis', 48, 4, '2021-03-08 13:13:05', '2021-03-08 13:13:05'),
(138, 'Alec', 'Luettgen', 48, 1, '2021-03-08 13:13:05', '2021-03-08 13:13:05'),
(139, 'Tillman', 'Thiel', 49, 1, '2021-03-08 13:13:05', '2021-03-08 13:13:05'),
(140, 'Sterling', 'Greenholt', 49, 1, '2021-03-08 13:13:05', '2021-03-08 13:13:05'),
(141, 'Raymundo', 'Medhurst', 50, 3, '2021-03-08 13:13:05', '2021-03-08 13:13:05'),
(142, 'Leta', 'Kreiger', 50, 4, '2021-03-08 13:13:05', '2021-03-08 13:13:05'),
(143, 'Rossie', 'Ryan', 51, 2, '2021-03-08 13:13:05', '2021-03-08 13:13:05'),
(144, 'Lamont', 'Stokes', 51, 2, '2021-03-08 13:13:05', '2021-03-08 13:13:05'),
(145, 'Stefanie', 'Green', 52, 1, '2021-03-08 13:13:05', '2021-03-08 13:13:05'),
(146, 'Miles', 'Heaney', 52, 4, '2021-03-08 13:13:05', '2021-03-08 13:13:05'),
(147, 'Theodora', 'Wolf', 52, 1, '2021-03-08 13:13:05', '2021-03-08 13:13:05'),
(148, 'Mose', 'Beier', 52, 1, '2021-03-08 13:13:05', '2021-03-08 13:13:05'),
(149, 'Tess', 'Keeling', 52, 4, '2021-03-08 13:13:05', '2021-03-08 13:13:05'),
(150, 'Agustin', 'Morissette', 53, 3, '2021-03-08 13:13:05', '2021-03-08 13:13:05'),
(151, 'Zoe', 'Shields', 54, 3, '2021-03-08 13:13:05', '2021-03-08 13:13:05'),
(152, 'Dean', 'Johnson', 54, 2, '2021-03-08 13:13:05', '2021-03-08 13:13:05'),
(153, 'Reece', 'Kihn', 54, 3, '2021-03-08 13:13:05', '2021-03-08 13:13:05'),
(154, 'Fleta', 'Berge', 54, 1, '2021-03-08 13:13:05', '2021-03-08 13:13:05'),
(155, 'Luz', 'Swift', 54, 2, '2021-03-08 13:13:05', '2021-03-08 13:13:05'),
(156, 'Lea', 'Schimmel', 55, 1, '2021-03-08 13:13:05', '2021-03-08 13:13:05'),
(157, 'Ladarius', 'Barrows', 55, 3, '2021-03-08 13:13:05', '2021-03-08 13:13:05'),
(158, 'Vickie', 'Smith', 56, 4, '2021-03-08 13:13:05', '2021-03-08 13:13:05'),
(159, 'Ariel', 'McKenzie', 56, 1, '2021-03-08 13:13:05', '2021-03-08 13:13:05'),
(160, 'Donna', 'Mann', 57, 2, '2021-03-08 13:13:05', '2021-03-08 13:13:05'),
(161, 'Adrian', 'Grady', 57, 3, '2021-03-08 13:13:05', '2021-03-08 13:13:05'),
(162, 'Lily', 'Hand', 58, 2, '2021-03-08 13:13:05', '2021-03-08 13:13:05'),
(163, 'Eulalia', 'Powlowski', 58, 2, '2021-03-08 13:13:05', '2021-03-08 13:13:05'),
(164, 'Toni', 'Ritchie', 59, 4, '2021-03-08 13:13:05', '2021-03-08 13:13:05'),
(165, 'Bethel', 'Leannon', 60, 2, '2021-03-08 13:13:05', '2021-03-08 13:13:05'),
(166, 'Kariane', 'Dietrich', 60, 1, '2021-03-08 13:13:05', '2021-03-08 13:13:05'),
(167, 'Flo', 'Mante', 61, 4, '2021-03-08 13:13:05', '2021-03-08 13:13:05'),
(168, 'Elian', 'Bahringer', 61, 3, '2021-03-08 13:13:05', '2021-03-08 13:13:05'),
(169, 'Arvel', 'Greenfelder', 61, 2, '2021-03-08 13:13:05', '2021-03-08 13:13:05'),
(170, 'Rylee', 'Yost', 62, 2, '2021-03-08 13:13:05', '2021-03-08 13:13:05'),
(171, 'Sydnie', 'Medhurst', 62, 3, '2021-03-08 13:13:05', '2021-03-08 13:13:05'),
(172, 'Cleta', 'Green', 62, 2, '2021-03-08 13:13:05', '2021-03-08 13:13:05'),
(173, 'Geraldine', 'Eichmann', 62, 2, '2021-03-08 13:13:05', '2021-03-08 13:13:05'),
(174, 'Alana', 'Stracke', 62, 4, '2021-03-08 13:13:05', '2021-03-08 13:13:05'),
(175, 'Karine', 'Jacobi', 63, 2, '2021-03-08 13:13:05', '2021-03-08 13:13:05'),
(176, 'Jammie', 'Rowe', 63, 4, '2021-03-08 13:13:05', '2021-03-08 13:13:05'),
(177, 'Tyler', 'King', 64, 3, '2021-03-08 13:13:05', '2021-03-08 13:13:05'),
(178, 'Anne', 'Douglas', 64, 1, '2021-03-08 13:13:05', '2021-03-08 13:13:05'),
(179, 'Domenic', 'Johnson', 65, 3, '2021-03-08 13:13:05', '2021-03-08 13:13:05'),
(180, 'Carolyne', 'Schulist', 65, 3, '2021-03-08 13:13:05', '2021-03-08 13:13:05'),
(181, 'Dagmar', 'Hintz', 65, 2, '2021-03-08 13:13:05', '2021-03-08 13:13:05'),
(182, 'Franco', 'Frami', 65, 4, '2021-03-08 13:13:05', '2021-03-08 13:13:05'),
(183, 'Maryse', 'Sauer', 65, 1, '2021-03-08 13:13:05', '2021-03-08 13:13:05'),
(184, 'Natalia', 'Rice', 66, 2, '2021-03-08 13:13:05', '2021-03-08 13:13:05'),
(185, 'Amya', 'Howell', 67, 3, '2021-03-08 13:13:05', '2021-03-08 13:13:05'),
(186, 'Kadin', 'Hegmann', 67, 2, '2021-03-08 13:13:05', '2021-03-08 13:13:05'),
(187, 'Noe', 'Weimann', 67, 4, '2021-03-08 13:13:05', '2021-03-08 13:13:05'),
(188, 'Hermann', 'Emmerich', 67, 1, '2021-03-08 13:13:05', '2021-03-08 13:13:05'),
(189, 'Elna', 'O\'Kon', 68, 1, '2021-03-08 13:13:05', '2021-03-08 13:13:05'),
(190, 'Darion', 'Lind', 68, 1, '2021-03-08 13:13:05', '2021-03-08 13:13:05'),
(191, 'Robyn', 'Herman', 68, 3, '2021-03-08 13:13:05', '2021-03-08 13:13:05'),
(192, 'Kamille', 'Mayer', 68, 3, '2021-03-08 13:13:05', '2021-03-08 13:13:05'),
(193, 'Kitty', 'Hintz', 69, 2, '2021-03-08 13:13:05', '2021-03-08 13:13:05'),
(194, 'Keyshawn', 'Stiedemann', 69, 3, '2021-03-08 13:13:05', '2021-03-08 13:13:05'),
(195, 'Coralie', 'Stiedemann', 69, 2, '2021-03-08 13:13:05', '2021-03-08 13:13:05'),
(196, 'Lora', 'Hackett', 69, 4, '2021-03-08 13:13:05', '2021-03-08 13:13:05'),
(197, 'Demond', 'Vandervort', 70, 1, '2021-03-08 13:13:05', '2021-03-08 13:13:05'),
(198, 'Octavia', 'Witting', 70, 1, '2021-03-08 13:13:05', '2021-03-08 13:13:05'),
(199, 'Eudora', 'Padberg', 70, 4, '2021-03-08 13:13:05', '2021-03-08 13:13:05'),
(200, 'Araceli', 'Grimes', 70, 3, '2021-03-08 13:13:05', '2021-03-08 13:13:05'),
(201, 'Tobin', 'Zemlak', 70, 4, '2021-03-08 13:13:05', '2021-03-08 13:13:05'),
(202, 'Alana', 'Predovic', 71, 1, '2021-03-08 13:13:05', '2021-03-08 13:13:05'),
(203, 'Carmen', 'Parisian', 71, 2, '2021-03-08 13:13:05', '2021-03-08 13:13:05'),
(204, 'Eldora', 'Weimann', 72, 1, '2021-03-08 13:13:05', '2021-03-08 13:13:05'),
(205, 'Fernando', 'Hodkiewicz', 73, 3, '2021-03-08 13:13:05', '2021-03-08 13:13:05'),
(206, 'Roderick', 'Armstrong', 74, 2, '2021-03-08 13:13:05', '2021-03-08 13:13:05'),
(207, 'Oda', 'Kunze', 74, 4, '2021-03-08 13:13:05', '2021-03-08 13:13:05'),
(208, 'Melisa', 'Parisian', 74, 2, '2021-03-08 13:13:05', '2021-03-08 13:13:05'),
(209, 'Earline', 'Spencer', 74, 1, '2021-03-08 13:13:05', '2021-03-08 13:13:05'),
(210, 'Kiarra', 'Predovic', 74, 2, '2021-03-08 13:13:05', '2021-03-08 13:13:05'),
(211, 'Hiram', 'Walsh', 75, 1, '2021-03-08 13:13:05', '2021-03-08 13:13:05'),
(212, 'Gwendolyn', 'Reilly', 75, 2, '2021-03-08 13:13:05', '2021-03-08 13:13:05'),
(213, 'Halle', 'Howe', 75, 3, '2021-03-08 13:13:05', '2021-03-08 13:13:05'),
(214, 'Sunny', 'Hermann', 76, 4, '2021-03-08 13:13:05', '2021-03-08 13:13:05'),
(215, 'Emily', 'Upton', 77, 4, '2021-03-08 13:13:05', '2021-03-08 13:13:05'),
(216, 'Brain', 'Stroman', 78, 2, '2021-03-08 13:13:05', '2021-03-08 13:13:05'),
(217, 'Jeanette', 'Graham', 78, 2, '2021-03-08 13:13:05', '2021-03-08 13:13:05'),
(218, 'Zoey', 'Hettinger', 78, 4, '2021-03-08 13:13:05', '2021-03-08 13:13:05'),
(219, 'River', 'Pollich', 78, 3, '2021-03-08 13:13:05', '2021-03-08 13:13:05'),
(220, 'Christop', 'Bergstrom', 79, 4, '2021-03-08 13:13:05', '2021-03-08 13:13:05'),
(221, 'Stacy', 'Gutmann', 79, 3, '2021-03-08 13:13:05', '2021-03-08 13:13:05'),
(222, 'Ray', 'Kemmer', 79, 3, '2021-03-08 13:13:05', '2021-03-08 13:13:05'),
(223, 'Joyce', 'Rice', 79, 4, '2021-03-08 13:13:05', '2021-03-08 13:13:05'),
(224, 'Violette', 'Heidenreich', 79, 4, '2021-03-08 13:13:05', '2021-03-08 13:13:05'),
(225, 'Stephania', 'Hane', 80, 1, '2021-03-08 13:13:05', '2021-03-08 13:13:05'),
(226, 'Harmony', 'Mitchell', 81, 2, '2021-03-08 13:13:05', '2021-03-08 13:13:05'),
(227, 'Felipe', 'Crooks', 81, 4, '2021-03-08 13:13:05', '2021-03-08 13:13:05'),
(228, 'Alexie', 'Shields', 81, 4, '2021-03-08 13:13:05', '2021-03-08 13:13:05'),
(229, 'Cecelia', 'Daugherty', 82, 2, '2021-03-08 13:13:05', '2021-03-08 13:13:05'),
(230, 'Adell', 'Prohaska', 82, 3, '2021-03-08 13:13:05', '2021-03-08 13:13:05'),
(231, 'Breanna', 'Borer', 82, 1, '2021-03-08 13:13:05', '2021-03-08 13:13:05'),
(232, 'Zachery', 'Little', 82, 4, '2021-03-08 13:13:05', '2021-03-08 13:13:05'),
(233, 'Douglas', 'Corkery', 83, 4, '2021-03-08 13:13:05', '2021-03-08 13:13:05'),
(234, 'Floyd', 'Hoppe', 83, 4, '2021-03-08 13:13:05', '2021-03-08 13:13:05'),
(235, 'Birdie', 'Lueilwitz', 83, 4, '2021-03-08 13:13:05', '2021-03-08 13:13:05'),
(236, 'Oran', 'Fadel', 83, 3, '2021-03-08 13:13:05', '2021-03-08 13:13:05'),
(237, 'Shyanne', 'Pacocha', 84, 4, '2021-03-08 13:13:05', '2021-03-08 13:13:05'),
(238, 'Virginie', 'Marks', 84, 1, '2021-03-08 13:13:05', '2021-03-08 13:13:05'),
(239, 'Nova', 'Armstrong', 84, 1, '2021-03-08 13:13:05', '2021-03-08 13:13:05'),
(240, 'Ryan', 'Toy', 84, 3, '2021-03-08 13:13:05', '2021-03-08 13:13:05'),
(241, 'Vida', 'Ledner', 85, 4, '2021-03-08 13:13:05', '2021-03-08 13:13:05'),
(242, 'Olin', 'Bradtke', 85, 1, '2021-03-08 13:13:05', '2021-03-08 13:13:05'),
(243, 'Lelah', 'McCullough', 85, 4, '2021-03-08 13:13:05', '2021-03-08 13:13:05'),
(244, 'Stephon', 'Stracke', 85, 3, '2021-03-08 13:13:05', '2021-03-08 13:13:05'),
(245, 'Kathlyn', 'Schamberger', 85, 2, '2021-03-08 13:13:05', '2021-03-08 13:13:05'),
(246, 'Kaley', 'Konopelski', 86, 1, '2021-03-08 13:13:05', '2021-03-08 13:13:05'),
(247, 'Patricia', 'Frami', 86, 2, '2021-03-08 13:13:05', '2021-03-08 13:13:05'),
(248, 'Ben', 'Jaskolski', 86, 2, '2021-03-08 13:13:05', '2021-03-08 13:13:05'),
(249, 'Sterling', 'Cormier', 86, 3, '2021-03-08 13:13:05', '2021-03-08 13:13:05'),
(250, 'Shad', 'McKenzie', 86, 2, '2021-03-08 13:13:05', '2021-03-08 13:13:05'),
(251, 'Gia', 'Ritchie', 87, 3, '2021-03-08 13:13:05', '2021-03-08 13:13:05'),
(252, 'Antonietta', 'Dickens', 87, 2, '2021-03-08 13:13:05', '2021-03-08 13:13:05'),
(253, 'Walker', 'Schmeler', 88, 3, '2021-03-08 13:13:05', '2021-03-08 13:13:05'),
(254, 'Jesse', 'Schmitt', 88, 3, '2021-03-08 13:13:05', '2021-03-08 13:13:05'),
(255, 'Kaden', 'Stark', 88, 1, '2021-03-08 13:13:05', '2021-03-08 13:13:05'),
(256, 'Dolores', 'Kshlerin', 89, 1, '2021-03-08 13:13:05', '2021-03-08 13:13:05'),
(257, 'Sofia', 'Bailey', 90, 1, '2021-03-08 13:13:05', '2021-03-08 13:13:05'),
(258, 'Marcelle', 'Yundt', 90, 1, '2021-03-08 13:13:05', '2021-03-08 13:13:05'),
(259, 'Lucile', 'Balistreri', 90, 2, '2021-03-08 13:13:05', '2021-03-08 13:13:05'),
(260, 'Ryley', 'Berge', 90, 4, '2021-03-08 13:13:05', '2021-03-08 13:13:05'),
(261, 'Annabelle', 'Emard', 91, 1, '2021-03-08 13:13:05', '2021-03-08 13:13:05'),
(262, 'Ernie', 'Beahan', 91, 1, '2021-03-08 13:13:05', '2021-03-08 13:13:05'),
(263, 'Zula', 'Wuckert', 91, 2, '2021-03-08 13:13:05', '2021-03-08 13:13:05'),
(264, 'Rachelle', 'Mertz', 91, 4, '2021-03-08 13:13:05', '2021-03-08 13:13:05'),
(265, 'Darby', 'Mayer', 91, 2, '2021-03-08 13:13:05', '2021-03-08 13:13:05'),
(266, 'April', 'Langworth', 92, 4, '2021-03-08 13:13:05', '2021-03-08 13:13:05'),
(267, 'Carroll', 'Metz', 92, 1, '2021-03-08 13:13:05', '2021-03-08 13:13:05'),
(268, 'Ambrose', 'Mayert', 92, 3, '2021-03-08 13:13:05', '2021-03-08 13:13:05'),
(269, 'Herminio', 'Schiller', 93, 2, '2021-03-08 13:13:05', '2021-03-08 13:13:05'),
(270, 'Amira', 'Keebler', 93, 4, '2021-03-08 13:13:05', '2021-03-08 13:13:05'),
(271, 'Brandyn', 'Russel', 93, 1, '2021-03-08 13:13:05', '2021-03-08 13:13:05'),
(272, 'Myrtle', 'Tremblay', 93, 4, '2021-03-08 13:13:05', '2021-03-08 13:13:05'),
(273, 'Terry', 'Zieme', 93, 3, '2021-03-08 13:13:05', '2021-03-08 13:13:05'),
(274, 'Sabina', 'Larkin', 94, 3, '2021-03-08 13:13:05', '2021-03-08 13:13:05'),
(275, 'Hipolito', 'Pagac', 94, 2, '2021-03-08 13:13:05', '2021-03-08 13:13:05'),
(276, 'Ubaldo', 'Denesik', 95, 4, '2021-03-08 13:13:05', '2021-03-08 13:13:05'),
(277, 'Heath', 'Simonis', 96, 3, '2021-03-08 13:13:05', '2021-03-08 13:13:05'),
(278, 'Eunice', 'Johnson', 96, 4, '2021-03-08 13:13:05', '2021-03-08 13:13:05'),
(279, 'Marietta', 'Howe', 96, 1, '2021-03-08 13:13:05', '2021-03-08 13:13:05'),
(280, 'Ezequiel', 'Gutkowski', 96, 1, '2021-03-08 13:13:05', '2021-03-08 13:13:05'),
(281, 'Alec', 'Emmerich', 96, 4, '2021-03-08 13:13:05', '2021-03-08 13:13:05'),
(282, 'Dulce', 'Boyer', 97, 4, '2021-03-08 13:13:05', '2021-03-08 13:13:05'),
(283, 'Pascale', 'Collins', 98, 4, '2021-03-08 13:13:05', '2021-03-08 13:13:05'),
(284, 'Furman', 'Denesik', 98, 3, '2021-03-08 13:13:05', '2021-03-08 13:13:05'),
(285, 'Tiara', 'Lemke', 98, 1, '2021-03-08 13:13:05', '2021-03-08 13:13:05'),
(286, 'Jacky', 'Stanton', 98, 3, '2021-03-08 13:13:05', '2021-03-08 13:13:05'),
(287, 'Edna', 'Labadie', 99, 1, '2021-03-08 13:13:05', '2021-03-08 13:13:05'),
(288, 'Lilly', 'Casper', 100, 4, '2021-03-08 13:13:05', '2021-03-08 13:13:05'),
(289, 'Bianka', 'Predovic', 100, 1, '2021-03-08 13:13:05', '2021-03-08 13:13:05'),
(290, 'Eva', 'O\'Reilly', 100, 3, '2021-03-08 13:13:05', '2021-03-08 13:13:05'),
(291, 'Carole', 'Flatley', 101, 3, '2021-03-08 13:13:05', '2021-03-08 13:13:05'),
(292, 'Catherine', 'Kuhn', 102, 4, '2021-03-08 13:13:05', '2021-03-08 13:13:05'),
(293, 'Velma', 'Kirlin', 102, 3, '2021-03-08 13:13:05', '2021-03-08 13:13:05'),
(294, 'Jimmy', 'Lebsack', 102, 3, '2021-03-08 13:13:05', '2021-03-08 13:13:05'),
(295, 'Elta', 'Ankunding', 103, 3, '2021-03-08 13:13:05', '2021-03-08 13:13:05'),
(296, 'Edward', 'Bosco', 103, 3, '2021-03-08 13:13:05', '2021-03-08 13:13:05'),
(297, 'Fermin', 'Halvorson', 103, 2, '2021-03-08 13:13:05', '2021-03-08 13:13:05'),
(298, 'Tyreek', 'Ferry', 103, 1, '2021-03-08 13:13:05', '2021-03-08 13:13:05'),
(299, 'Mittie', 'Mann', 104, 2, '2021-03-08 13:13:05', '2021-03-08 13:13:05'),
(300, 'Cassie', 'Crona', 104, 2, '2021-03-08 13:13:05', '2021-03-08 13:13:05'),
(301, 'Otto', 'Corwin', 104, 3, '2021-03-08 13:13:05', '2021-03-08 13:13:05'),
(302, 'Ike', 'Bartell', 105, 2, '2021-03-08 13:13:05', '2021-03-08 13:13:05'),
(303, 'Lexus', 'Collier', 105, 3, '2021-03-08 13:13:05', '2021-03-08 13:13:05'),
(304, 'Toni', 'Morar', 105, 2, '2021-03-08 13:13:05', '2021-03-08 13:13:05'),
(305, 'Laura', 'Kilback', 105, 2, '2021-03-08 13:13:05', '2021-03-08 13:13:05'),
(306, 'Jonatan', 'Bayer', 105, 3, '2021-03-08 13:13:05', '2021-03-08 13:13:05'),
(307, 'Kris', 'Moen', 106, 4, '2021-03-08 13:13:05', '2021-03-08 13:13:05'),
(308, 'Darius', 'Cartwright', 106, 4, '2021-03-08 13:13:05', '2021-03-08 13:13:05'),
(309, 'Imani', 'Ledner', 106, 3, '2021-03-08 13:13:05', '2021-03-08 13:13:05'),
(310, 'Kristina', 'Kassulke', 107, 2, '2021-03-08 13:13:05', '2021-03-08 13:13:05'),
(311, 'Ulises', 'Smith', 108, 2, '2021-03-08 13:13:05', '2021-03-08 13:13:05'),
(312, 'Hulda', 'Auer', 108, 3, '2021-03-08 13:13:05', '2021-03-08 13:13:05'),
(313, 'Chester', 'Bayer', 109, 3, '2021-03-08 13:13:05', '2021-03-08 13:13:05'),
(314, 'Ellsworth', 'Friesen', 109, 4, '2021-03-08 13:13:05', '2021-03-08 13:13:05'),
(315, 'Elna', 'Hegmann', 109, 3, '2021-03-08 13:13:05', '2021-03-08 13:13:05'),
(316, 'Thad', 'Nitzsche', 109, 3, '2021-03-08 13:13:05', '2021-03-08 13:13:05'),
(317, 'Larissa', 'Little', 109, 3, '2021-03-08 13:13:05', '2021-03-08 13:13:05'),
(318, 'Madie', 'Krajcik', 110, 2, '2021-03-08 13:13:05', '2021-03-08 13:13:05'),
(319, 'Aidan', 'Little', 110, 4, '2021-03-08 13:13:05', '2021-03-08 13:13:05'),
(320, 'Crystal', 'Beer', 110, 4, '2021-03-08 13:13:05', '2021-03-08 13:13:05'),
(321, 'Coty', 'Ullrich', 110, 2, '2021-03-08 13:13:05', '2021-03-08 13:13:05'),
(322, 'Russ', 'Schaefer', 110, 1, '2021-03-08 13:13:05', '2021-03-08 13:13:05'),
(323, 'Ewald', 'Wiza', 111, 3, '2021-03-08 13:13:05', '2021-03-08 13:13:05'),
(324, 'Johanna', 'Greenfelder', 111, 2, '2021-03-08 13:13:05', '2021-03-08 13:13:05'),
(325, 'Tillman', 'Kerluke', 112, 2, '2021-03-08 13:13:05', '2021-03-08 13:13:05'),
(326, 'Samir', 'Shields', 112, 4, '2021-03-08 13:13:05', '2021-03-08 13:13:05'),
(327, 'Tamia', 'Sawayn', 113, 2, '2021-03-08 13:13:05', '2021-03-08 13:13:05'),
(328, 'Jarrett', 'Green', 113, 4, '2021-03-08 13:13:05', '2021-03-08 13:13:05'),
(329, 'Jany', 'Bashirian', 114, 2, '2021-03-08 13:13:05', '2021-03-08 13:13:05'),
(330, 'Brook', 'Gleichner', 114, 3, '2021-03-08 13:13:05', '2021-03-08 13:13:05'),
(331, 'Brandyn', 'Baumbach', 114, 3, '2021-03-08 13:13:05', '2021-03-08 13:13:05'),
(332, 'Winona', 'Ferry', 114, 1, '2021-03-08 13:13:05', '2021-03-08 13:13:05'),
(333, 'Titus', 'Moen', 115, 4, '2021-03-08 13:13:05', '2021-03-08 13:13:05'),
(334, 'Ana', 'Schimmel', 115, 1, '2021-03-08 13:13:05', '2021-03-08 13:13:05'),
(335, 'Elna', 'Lowe', 116, 3, '2021-03-08 13:13:05', '2021-03-08 13:13:05'),
(336, 'Rozella', 'Koss', 116, 2, '2021-03-08 13:13:05', '2021-03-08 13:13:05'),
(337, 'Eleanora', 'Hansen', 116, 2, '2021-03-08 13:13:05', '2021-03-08 13:13:05'),
(338, 'Lisa', 'Huel', 116, 1, '2021-03-08 13:13:05', '2021-03-08 13:13:05'),
(339, 'Ed', 'Durgan', 117, 2, '2021-03-08 13:13:05', '2021-03-08 13:13:05'),
(340, 'Lesly', 'Turcotte', 117, 3, '2021-03-08 13:13:05', '2021-03-08 13:13:05'),
(341, 'Schuyler', 'Simonis', 118, 3, '2021-03-08 13:13:05', '2021-03-08 13:13:05'),
(342, 'Tyrique', 'Hane', 118, 1, '2021-03-08 13:13:05', '2021-03-08 13:13:05'),
(343, 'Bridgette', 'Hartmann', 118, 2, '2021-03-08 13:13:05', '2021-03-08 13:13:05'),
(344, 'Sydnee', 'Spencer', 118, 4, '2021-03-08 13:13:05', '2021-03-08 13:13:05'),
(345, 'Abbigail', 'Labadie', 118, 3, '2021-03-08 13:13:05', '2021-03-08 13:13:05'),
(346, 'Owen', 'Botsford', 119, 4, '2021-03-08 13:13:05', '2021-03-08 13:13:05'),
(347, 'Ludwig', 'Torp', 119, 3, '2021-03-08 13:13:05', '2021-03-08 13:13:05'),
(348, 'Justina', 'Roberts', 119, 1, '2021-03-08 13:13:05', '2021-03-08 13:13:05'),
(349, 'Chadd', 'Greenfelder', 120, 1, '2021-03-08 13:13:05', '2021-03-08 13:13:05'),
(350, 'Felicia', 'Lowe', 121, 3, '2021-03-08 13:13:05', '2021-03-08 13:13:05'),
(351, 'Zakary', 'Becker', 122, 4, '2021-03-08 13:13:05', '2021-03-08 13:13:05'),
(352, 'Frida', 'Wilkinson', 122, 1, '2021-03-08 13:13:05', '2021-03-08 13:13:05'),
(353, 'Polly', 'Howell', 122, 2, '2021-03-08 13:13:05', '2021-03-08 13:13:05'),
(354, 'Sofia', 'Rosenbaum', 122, 4, '2021-03-08 13:13:05', '2021-03-08 13:13:05'),
(355, 'Greta', 'Wehner', 122, 3, '2021-03-08 13:13:05', '2021-03-08 13:13:05'),
(356, 'Coty', 'Bergnaum', 123, 3, '2021-03-08 13:13:05', '2021-03-08 13:13:05'),
(357, 'Velva', 'Barrows', 123, 1, '2021-03-08 13:13:05', '2021-03-08 13:13:05'),
(358, 'Abdiel', 'Rogahn', 123, 1, '2021-03-08 13:13:05', '2021-03-08 13:13:05'),
(359, 'Carolyne', 'Reichel', 124, 2, '2021-03-08 13:13:05', '2021-03-08 13:13:05'),
(360, 'Chad', 'Marks', 124, 1, '2021-03-08 13:13:05', '2021-03-08 13:13:05'),
(361, 'Susie', 'Crist', 124, 4, '2021-03-08 13:13:05', '2021-03-08 13:13:05'),
(362, 'America', 'Ziemann', 124, 1, '2021-03-08 13:13:05', '2021-03-08 13:13:05'),
(363, 'Bessie', 'Hoeger', 124, 4, '2021-03-08 13:13:05', '2021-03-08 13:13:05'),
(364, 'Afton', 'Hirthe', 125, 4, '2021-03-08 13:13:05', '2021-03-08 13:13:05'),
(365, 'Freddie', 'Howell', 126, 1, '2021-03-08 13:13:05', '2021-03-08 13:13:05'),
(366, 'Marley', 'Ondricka', 127, 2, '2021-03-08 13:13:05', '2021-03-08 13:13:05'),
(367, 'Carissa', 'Kohler', 127, 1, '2021-03-08 13:13:05', '2021-03-08 13:13:05'),
(368, 'Rey', 'O\'Connell', 127, 4, '2021-03-08 13:13:05', '2021-03-08 13:13:05'),
(369, 'Lola', 'Miller', 127, 2, '2021-03-08 13:13:05', '2021-03-08 13:13:05'),
(370, 'Lavern', 'DuBuque', 127, 3, '2021-03-08 13:13:05', '2021-03-08 13:13:05'),
(371, 'Shakira', 'Morissette', 128, 2, '2021-03-08 13:13:05', '2021-03-08 13:13:05'),
(372, 'Marlee', 'Champlin', 128, 2, '2021-03-08 13:13:05', '2021-03-08 13:13:05'),
(373, 'Melyssa', 'Johnston', 128, 1, '2021-03-08 13:13:05', '2021-03-08 13:13:05'),
(374, 'Louvenia', 'Zulauf', 128, 3, '2021-03-08 13:13:05', '2021-03-08 13:13:05'),
(375, 'Ludie', 'Gottlieb', 129, 2, '2021-03-08 13:13:05', '2021-03-08 13:13:05'),
(376, 'Sheila', 'Bayer', 129, 2, '2021-03-08 13:13:05', '2021-03-08 13:13:05'),
(377, 'Orpha', 'Collier', 129, 2, '2021-03-08 13:13:05', '2021-03-08 13:13:05'),
(378, 'Kariane', 'McCullough', 129, 4, '2021-03-08 13:13:05', '2021-03-08 13:13:05'),
(379, 'Carlee', 'Stokes', 129, 1, '2021-03-08 13:13:05', '2021-03-08 13:13:05'),
(380, 'Morton', 'Stroman', 130, 3, '2021-03-08 13:13:05', '2021-03-08 13:13:05'),
(381, 'Chadrick', 'Wisozk', 130, 4, '2021-03-08 13:13:05', '2021-03-08 13:13:05'),
(382, 'Luna', 'Collier', 130, 4, '2021-03-08 13:13:05', '2021-03-08 13:13:05'),
(383, 'Jalen', 'Hegmann', 130, 4, '2021-03-08 13:13:05', '2021-03-08 13:13:05'),
(384, 'Zetta', 'Beer', 131, 3, '2021-03-08 13:13:05', '2021-03-08 13:13:05'),
(385, 'Adelia', 'Skiles', 131, 1, '2021-03-08 13:13:05', '2021-03-08 13:13:05'),
(386, 'Randall', 'Russel', 131, 4, '2021-03-08 13:13:05', '2021-03-08 13:13:05'),
(387, 'Freida', 'Hessel', 131, 3, '2021-03-08 13:13:05', '2021-03-08 13:13:05'),
(388, 'Esther', 'Dooley', 131, 1, '2021-03-08 13:13:05', '2021-03-08 13:13:05'),
(389, 'Mikayla', 'Maggio', 132, 3, '2021-03-08 13:13:05', '2021-03-08 13:13:05'),
(390, 'Keyon', 'Klocko', 132, 4, '2021-03-08 13:13:05', '2021-03-08 13:13:05'),
(391, 'Efrain', 'Fadel', 132, 2, '2021-03-08 13:13:05', '2021-03-08 13:13:05'),
(392, 'Myrna', 'Kuvalis', 132, 2, '2021-03-08 13:13:05', '2021-03-08 13:13:05'),
(393, 'Meredith', 'Pagac', 133, 4, '2021-03-08 13:13:05', '2021-03-08 13:13:05'),
(394, 'Irma', 'Klein', 134, 1, '2021-03-08 13:13:05', '2021-03-08 13:13:05'),
(395, 'Rosalind', 'Kuvalis', 135, 4, '2021-03-08 13:13:05', '2021-03-08 13:13:05'),
(396, 'Faustino', 'Berge', 135, 2, '2021-03-08 13:13:05', '2021-03-08 13:13:05'),
(397, 'Nils', 'Turner', 135, 2, '2021-03-08 13:13:05', '2021-03-08 13:13:05'),
(398, 'Wilbert', 'Goldner', 135, 1, '2021-03-08 13:13:05', '2021-03-08 13:13:05'),
(399, 'Marjolaine', 'Reinger', 135, 3, '2021-03-08 13:13:05', '2021-03-08 13:13:05'),
(400, 'Antone', 'Feil', 136, 2, '2021-03-08 13:13:05', '2021-03-08 13:13:05'),
(401, 'Hester', 'Welch', 137, 1, '2021-03-08 13:13:05', '2021-03-08 13:13:05'),
(402, 'Deshaun', 'Conn', 137, 2, '2021-03-08 13:13:05', '2021-03-08 13:13:05'),
(403, 'Brandi', 'Mitchell', 137, 4, '2021-03-08 13:13:05', '2021-03-08 13:13:05'),
(404, 'Cornell', 'Block', 137, 2, '2021-03-08 13:13:05', '2021-03-08 13:13:05'),
(405, 'Maya', 'Pfannerstill', 137, 2, '2021-03-08 13:13:05', '2021-03-08 13:13:05'),
(406, 'Eusebio', 'Stark', 138, 2, '2021-03-08 13:13:05', '2021-03-08 13:13:05'),
(407, 'Kyler', 'Baumbach', 138, 3, '2021-03-08 13:13:05', '2021-03-08 13:13:05'),
(408, 'Sebastian', 'Wisoky', 138, 4, '2021-03-08 13:13:05', '2021-03-08 13:13:05'),
(409, 'Ethyl', 'Wuckert', 138, 4, '2021-03-08 13:13:05', '2021-03-08 13:13:05'),
(410, 'Moises', 'Auer', 138, 2, '2021-03-08 13:13:05', '2021-03-08 13:13:05'),
(411, 'Jazmyn', 'Beahan', 139, 2, '2021-03-08 13:13:05', '2021-03-08 13:13:05'),
(412, 'Hipolito', 'Hickle', 139, 3, '2021-03-08 13:13:05', '2021-03-08 13:13:05'),
(413, 'Terrill', 'Bartoletti', 139, 1, '2021-03-08 13:13:05', '2021-03-08 13:13:05'),
(414, 'Keith', 'Tillman', 140, 1, '2021-03-08 13:13:05', '2021-03-08 13:13:05'),
(415, 'Vallie', 'Zboncak', 140, 4, '2021-03-08 13:13:05', '2021-03-08 13:13:05'),
(416, 'Elias', 'Gutmann', 140, 2, '2021-03-08 13:13:05', '2021-03-08 13:13:05'),
(417, 'Nigel', 'Buckridge', 140, 2, '2021-03-08 13:13:05', '2021-03-08 13:13:05'),
(418, 'Marshall', 'Kuhn', 140, 3, '2021-03-08 13:13:05', '2021-03-08 13:13:05'),
(419, 'Braulio', 'King', 141, 2, '2021-03-08 13:13:05', '2021-03-08 13:13:05'),
(420, 'Raymundo', 'Von', 141, 3, '2021-03-08 13:13:05', '2021-03-08 13:13:05'),
(421, 'Vernon', 'Becker', 141, 4, '2021-03-08 13:13:05', '2021-03-08 13:13:05'),
(422, 'Stephanie', 'Wolf', 142, 4, '2021-03-08 13:13:05', '2021-03-08 13:13:05'),
(423, 'Roman', 'Shields', 142, 3, '2021-03-08 13:13:05', '2021-03-08 13:13:05'),
(424, 'Rafaela', 'Schaden', 142, 3, '2021-03-08 13:13:05', '2021-03-08 13:13:05'),
(425, 'Pamela', 'Walker', 143, 3, '2021-03-08 13:13:05', '2021-03-08 13:13:05'),
(426, 'Ocie', 'Swift', 143, 2, '2021-03-08 13:13:05', '2021-03-08 13:13:05'),
(427, 'Elisha', 'Parker', 144, 3, '2021-03-08 13:13:05', '2021-03-08 13:13:05'),
(428, 'Amira', 'Bartoletti', 144, 1, '2021-03-08 13:13:05', '2021-03-08 13:13:05'),
(429, 'Herbert', 'Rolfson', 144, 3, '2021-03-08 13:13:05', '2021-03-08 13:13:05'),
(430, 'Chadd', 'Ortiz', 144, 4, '2021-03-08 13:13:05', '2021-03-08 13:13:05'),
(431, 'Kasandra', 'Ullrich', 144, 4, '2021-03-08 13:13:05', '2021-03-08 13:13:05'),
(432, 'Kaitlyn', 'Berge', 145, 3, '2021-03-08 13:13:05', '2021-03-08 13:13:05'),
(433, 'Gayle', 'Connelly', 145, 2, '2021-03-08 13:13:05', '2021-03-08 13:13:05'),
(434, 'Juwan', 'Murray', 146, 3, '2021-03-08 13:13:05', '2021-03-08 13:13:05'),
(435, 'Kaylie', 'Price', 146, 1, '2021-03-08 13:13:05', '2021-03-08 13:13:05'),
(436, 'Arielle', 'Bergstrom', 146, 2, '2021-03-08 13:13:05', '2021-03-08 13:13:05'),
(437, 'Gilda', 'Rogahn', 147, 2, '2021-03-08 13:13:06', '2021-03-08 13:13:06'),
(438, 'Zachary', 'Quitzon', 147, 4, '2021-03-08 13:13:06', '2021-03-08 13:13:06'),
(439, 'Verna', 'Ruecker', 147, 3, '2021-03-08 13:13:06', '2021-03-08 13:13:06'),
(440, 'Myrna', 'Pollich', 147, 4, '2021-03-08 13:13:06', '2021-03-08 13:13:06'),
(441, 'Iva', 'Prosacco', 147, 4, '2021-03-08 13:13:06', '2021-03-08 13:13:06'),
(442, 'Alize', 'Johns', 148, 4, '2021-03-08 13:13:06', '2021-03-08 13:13:06'),
(443, 'Bernie', 'Douglas', 149, 2, '2021-03-08 13:13:06', '2021-03-08 13:13:06'),
(444, 'Zelma', 'Beahan', 150, 1, '2021-03-08 13:13:06', '2021-03-08 13:13:06'),
(445, 'Danielle', 'Daugherty', 150, 2, '2021-03-08 13:13:06', '2021-03-08 13:13:06'),
(446, 'Dimitri', 'Kuhlman', 150, 2, '2021-03-08 13:13:06', '2021-03-08 13:13:06'),
(447, 'Kory', 'Gleason', 150, 4, '2021-03-08 13:13:06', '2021-03-08 13:13:06'),
(448, 'Hilma', 'Rau', 150, 2, '2021-03-08 13:13:06', '2021-03-08 13:13:06'),
(449, 'Lisa', 'Bernier', 151, 1, '2021-03-08 13:13:06', '2021-03-08 13:13:06'),
(450, 'Pierce', 'Hill', 151, 2, '2021-03-08 13:13:06', '2021-03-08 13:13:06'),
(451, 'Chaim', 'Gutkowski', 151, 4, '2021-03-08 13:13:06', '2021-03-08 13:13:06'),
(452, 'Keira', 'Renner', 151, 2, '2021-03-08 13:13:06', '2021-03-08 13:13:06'),
(453, 'Providenci', 'Larson', 151, 1, '2021-03-08 13:13:06', '2021-03-08 13:13:06'),
(454, 'Dawson', 'Murray', 152, 3, '2021-03-08 13:13:06', '2021-03-08 13:13:06'),
(455, 'Oleta', 'Bailey', 152, 3, '2021-03-08 13:13:06', '2021-03-08 13:13:06'),
(456, 'Daphney', 'Goyette', 152, 4, '2021-03-08 13:13:06', '2021-03-08 13:13:06'),
(457, 'Pansy', 'Donnelly', 152, 4, '2021-03-08 13:13:06', '2021-03-08 13:13:06'),
(458, 'Dayton', 'Reichert', 153, 1, '2021-03-08 13:13:06', '2021-03-08 13:13:06'),
(459, 'Mavis', 'Ondricka', 153, 3, '2021-03-08 13:13:06', '2021-03-08 13:13:06'),
(460, 'Terrance', 'Eichmann', 153, 1, '2021-03-08 13:13:06', '2021-03-08 13:13:06'),
(461, 'Nathan', 'Von', 153, 3, '2021-03-08 13:13:06', '2021-03-08 13:13:06'),
(462, 'Marty', 'Jaskolski', 154, 2, '2021-03-08 13:13:06', '2021-03-08 13:13:06'),
(463, 'Gladyce', 'Bergnaum', 154, 1, '2021-03-08 13:13:06', '2021-03-08 13:13:06'),
(464, 'Rosalinda', 'Hintz', 154, 1, '2021-03-08 13:13:06', '2021-03-08 13:13:06'),
(465, 'Chelsey', 'Abernathy', 155, 2, '2021-03-08 13:13:06', '2021-03-08 13:13:06'),
(466, 'Durward', 'Kessler', 155, 2, '2021-03-08 13:13:06', '2021-03-08 13:13:06'),
(467, 'Carli', 'O\'Reilly', 155, 2, '2021-03-08 13:13:06', '2021-03-08 13:13:06'),
(468, 'Dorothy', 'Stanton', 155, 3, '2021-03-08 13:13:06', '2021-03-08 13:13:06'),
(469, 'Damon', 'Hamill', 156, 2, '2021-03-08 13:13:06', '2021-03-08 13:13:06'),
(470, 'Noe', 'Gleichner', 156, 3, '2021-03-08 13:13:06', '2021-03-08 13:13:06'),
(471, 'Shaylee', 'Hermann', 156, 2, '2021-03-08 13:13:06', '2021-03-08 13:13:06'),
(472, 'Reece', 'Jacobi', 156, 2, '2021-03-08 13:13:06', '2021-03-08 13:13:06'),
(473, 'Patience', 'Bradtke', 157, 1, '2021-03-08 13:13:06', '2021-03-08 13:13:06'),
(474, 'Kelton', 'Crona', 157, 2, '2021-03-08 13:13:06', '2021-03-08 13:13:06'),
(475, 'Clint', 'Herzog', 157, 1, '2021-03-08 13:13:06', '2021-03-08 13:13:06'),
(476, 'Lucienne', 'Casper', 158, 1, '2021-03-08 13:13:06', '2021-03-08 13:13:06'),
(477, 'Roger', 'Will', 159, 2, '2021-03-08 13:13:06', '2021-03-08 13:13:06'),
(478, 'Woodrow', 'Balistreri', 159, 1, '2021-03-08 13:13:06', '2021-03-08 13:13:06'),
(479, 'Betsy', 'Klein', 159, 1, '2021-03-08 13:13:06', '2021-03-08 13:13:06'),
(480, 'Francesco', 'O\'Hara', 159, 4, '2021-03-08 13:13:06', '2021-03-08 13:13:06'),
(481, 'Ronaldo', 'Lemke', 159, 1, '2021-03-08 13:13:06', '2021-03-08 13:13:06'),
(482, 'Tad', 'D\'Amore', 160, 1, '2021-03-08 13:13:06', '2021-03-08 13:13:06'),
(483, 'Courtney', 'Hill', 161, 3, '2021-03-08 13:13:06', '2021-03-08 13:13:06'),
(484, 'Dorris', 'Dicki', 161, 1, '2021-03-08 13:13:06', '2021-03-08 13:13:06'),
(485, 'Josephine', 'Spinka', 161, 4, '2021-03-08 13:13:06', '2021-03-08 13:13:06'),
(486, 'Erna', 'Kshlerin', 162, 3, '2021-03-08 13:13:06', '2021-03-08 13:13:06'),
(487, 'Herminio', 'Renner', 162, 3, '2021-03-08 13:13:06', '2021-03-08 13:13:06'),
(488, 'Cesar', 'Lockman', 162, 1, '2021-03-08 13:13:06', '2021-03-08 13:13:06'),
(489, 'Janessa', 'Lemke', 163, 4, '2021-03-08 13:13:06', '2021-03-08 13:13:06'),
(490, 'Jimmie', 'O\'Connell', 163, 3, '2021-03-08 13:13:06', '2021-03-08 13:13:06'),
(491, 'Beaulah', 'Koch', 163, 1, '2021-03-08 13:13:06', '2021-03-08 13:13:06'),
(492, 'Pearline', 'Heller', 164, 1, '2021-03-08 13:13:06', '2021-03-08 13:13:06'),
(493, 'Sherman', 'Goodwin', 164, 4, '2021-03-08 13:13:06', '2021-03-08 13:13:06'),
(494, 'Enrico', 'Feest', 164, 4, '2021-03-08 13:13:06', '2021-03-08 13:13:06'),
(495, 'Aylin', 'Leuschke', 165, 2, '2021-03-08 13:13:06', '2021-03-08 13:13:06'),
(496, 'Helen', 'Wehner', 165, 1, '2021-03-08 13:13:06', '2021-03-08 13:13:06'),
(497, 'Emelie', 'Rosenbaum', 166, 2, '2021-03-08 13:13:06', '2021-03-08 13:13:06'),
(498, 'Maryse', 'Hermann', 166, 1, '2021-03-08 13:13:06', '2021-03-08 13:13:06'),
(499, 'Tressie', 'Rolfson', 167, 4, '2021-03-08 13:13:06', '2021-03-08 13:13:06'),
(500, 'Jaycee', 'Botsford', 167, 2, '2021-03-08 13:13:06', '2021-03-08 13:13:06'),
(501, 'Daisha', 'Gerlach', 167, 2, '2021-03-08 13:13:06', '2021-03-08 13:13:06'),
(502, 'Ernest', 'Parisian', 168, 3, '2021-03-08 13:13:06', '2021-03-08 13:13:06'),
(503, 'Elton', 'Hayes', 168, 4, '2021-03-08 13:13:06', '2021-03-08 13:13:06'),
(504, 'Ruthie', 'Gleichner', 169, 2, '2021-03-08 13:13:06', '2021-03-08 13:13:06'),
(505, 'Lavon', 'Kunde', 169, 3, '2021-03-08 13:13:06', '2021-03-08 13:13:06'),
(506, 'Keith', 'Flatley', 169, 3, '2021-03-08 13:13:06', '2021-03-08 13:13:06'),
(507, 'Pearlie', 'Anderson', 169, 4, '2021-03-08 13:13:06', '2021-03-08 13:13:06'),
(508, 'Lyla', 'Flatley', 170, 3, '2021-03-08 13:13:06', '2021-03-08 13:13:06'),
(509, 'Frederik', 'Breitenberg', 171, 2, '2021-03-08 13:13:06', '2021-03-08 13:13:06'),
(510, 'Oma', 'Goyette', 171, 2, '2021-03-08 13:13:06', '2021-03-08 13:13:06'),
(511, 'Nya', 'Schinner', 171, 3, '2021-03-08 13:13:06', '2021-03-08 13:13:06'),
(512, 'Brayan', 'Gerhold', 171, 3, '2021-03-08 13:13:06', '2021-03-08 13:13:06'),
(513, 'Allan', 'Bernier', 171, 1, '2021-03-08 13:13:06', '2021-03-08 13:13:06'),
(514, 'Gunnar', 'Conroy', 172, 2, '2021-03-08 13:13:06', '2021-03-08 13:13:06'),
(515, 'Virginie', 'Jerde', 172, 3, '2021-03-08 13:13:06', '2021-03-08 13:13:06'),
(516, 'Janiya', 'Mueller', 172, 3, '2021-03-08 13:13:06', '2021-03-08 13:13:06'),
(517, 'Abigale', 'Dietrich', 172, 4, '2021-03-08 13:13:06', '2021-03-08 13:13:06'),
(518, 'Lenny', 'Carroll', 172, 1, '2021-03-08 13:13:06', '2021-03-08 13:13:06'),
(519, 'Ivah', 'Fay', 173, 3, '2021-03-08 13:13:06', '2021-03-08 13:13:06'),
(520, 'Karelle', 'Waelchi', 173, 2, '2021-03-08 13:13:06', '2021-03-08 13:13:06'),
(521, 'Vena', 'Feil', 174, 1, '2021-03-08 13:13:06', '2021-03-08 13:13:06'),
(522, 'Jordon', 'Marquardt', 174, 1, '2021-03-08 13:13:06', '2021-03-08 13:13:06'),
(523, 'Marcos', 'Jones', 174, 4, '2021-03-08 13:13:06', '2021-03-08 13:13:06'),
(524, 'Emanuel', 'Kling', 174, 3, '2021-03-08 13:13:06', '2021-03-08 13:13:06'),
(525, 'Lucile', 'Reichel', 175, 3, '2021-03-08 13:13:06', '2021-03-08 13:13:06'),
(526, 'Hildegard', 'Hagenes', 175, 2, '2021-03-08 13:13:06', '2021-03-08 13:13:06'),
(527, 'Finn', 'Wyman', 175, 1, '2021-03-08 13:13:06', '2021-03-08 13:13:06'),
(528, 'Bernhard', 'Armstrong', 176, 1, '2021-03-08 13:13:06', '2021-03-08 13:13:06'),
(529, 'Ova', 'Armstrong', 176, 3, '2021-03-08 13:13:06', '2021-03-08 13:13:06'),
(530, 'Elfrieda', 'Schuppe', 177, 2, '2021-03-08 13:13:06', '2021-03-08 13:13:06'),
(531, 'Alfonso', 'Bashirian', 178, 3, '2021-03-08 13:13:06', '2021-03-08 13:13:06'),
(532, 'Maureen', 'Christiansen', 178, 2, '2021-03-08 13:13:06', '2021-03-08 13:13:06'),
(533, 'Harry', 'Parisian', 178, 2, '2021-03-08 13:13:06', '2021-03-08 13:13:06'),
(534, 'Sophia', 'Johns', 179, 4, '2021-03-08 13:13:06', '2021-03-08 13:13:06'),
(535, 'Stanford', 'Dickinson', 179, 3, '2021-03-08 13:13:06', '2021-03-08 13:13:06'),
(536, 'Elbert', 'King', 179, 3, '2021-03-08 13:13:06', '2021-03-08 13:13:06'),
(537, 'Eloise', 'McDermott', 179, 4, '2021-03-08 13:13:06', '2021-03-08 13:13:06'),
(538, 'Chanelle', 'Labadie', 180, 4, '2021-03-08 13:13:06', '2021-03-08 13:13:06'),
(539, 'Woodrow', 'Lowe', 180, 2, '2021-03-08 13:13:06', '2021-03-08 13:13:06'),
(540, 'Jaylan', 'Bogan', 180, 4, '2021-03-08 13:13:06', '2021-03-08 13:13:06'),
(541, 'April', 'Pagac', 180, 2, '2021-03-08 13:13:06', '2021-03-08 13:13:06'),
(542, 'Howell', 'Boyer', 181, 3, '2021-03-08 13:13:06', '2021-03-08 13:13:06'),
(543, 'Elta', 'Block', 181, 2, '2021-03-08 13:13:06', '2021-03-08 13:13:06'),
(544, 'Katarina', 'Mraz', 181, 1, '2021-03-08 13:13:06', '2021-03-08 13:13:06'),
(545, 'Perry', 'Blick', 181, 4, '2021-03-08 13:13:06', '2021-03-08 13:13:06'),
(546, 'Cary', 'Cronin', 181, 4, '2021-03-08 13:13:06', '2021-03-08 13:13:06'),
(547, 'Emiliano', 'Langosh', 182, 2, '2021-03-08 13:13:06', '2021-03-08 13:13:06'),
(548, 'Reuben', 'Blick', 182, 2, '2021-03-08 13:13:06', '2021-03-08 13:13:06'),
(549, 'Ike', 'O\'Kon', 182, 4, '2021-03-08 13:13:06', '2021-03-08 13:13:06'),
(550, 'Jackeline', 'Kemmer', 183, 4, '2021-03-08 13:13:06', '2021-03-08 13:13:06'),
(551, 'Erika', 'Gleason', 183, 3, '2021-03-08 13:13:06', '2021-03-08 13:13:06'),
(552, 'Eliezer', 'Keebler', 184, 4, '2021-03-08 13:13:06', '2021-03-08 13:13:06'),
(553, 'Jayme', 'O\'Conner', 184, 1, '2021-03-08 13:13:06', '2021-03-08 13:13:06'),
(554, 'Rosie', 'Quigley', 184, 3, '2021-03-08 13:13:06', '2021-03-08 13:13:06'),
(555, 'Greg', 'Heidenreich', 184, 1, '2021-03-08 13:13:06', '2021-03-08 13:13:06'),
(556, 'Emile', 'Roberts', 184, 2, '2021-03-08 13:13:06', '2021-03-08 13:13:06'),
(557, 'Jeanie', 'McLaughlin', 185, 4, '2021-03-08 13:13:06', '2021-03-08 13:13:06'),
(558, 'Cameron', 'Kozey', 185, 2, '2021-03-08 13:13:06', '2021-03-08 13:13:06'),
(559, 'Jackson', 'Gleason', 185, 3, '2021-03-08 13:13:06', '2021-03-08 13:13:06'),
(560, 'Allison', 'Leuschke', 185, 3, '2021-03-08 13:13:06', '2021-03-08 13:13:06'),
(561, 'Brady', 'Gerlach', 186, 3, '2021-03-08 13:13:06', '2021-03-08 13:13:06'),
(562, 'Tiana', 'Hintz', 187, 2, '2021-03-08 13:13:06', '2021-03-08 13:13:06'),
(563, 'Loren', 'Steuber', 187, 3, '2021-03-08 13:13:06', '2021-03-08 13:13:06'),
(564, 'Fletcher', 'Wiza', 187, 3, '2021-03-08 13:13:06', '2021-03-08 13:13:06'),
(565, 'Adriana', 'Terry', 187, 4, '2021-03-08 13:13:06', '2021-03-08 13:13:06'),
(566, 'Else', 'Christiansen', 188, 3, '2021-03-08 13:13:06', '2021-03-08 13:13:06'),
(567, 'Alta', 'Kessler', 189, 2, '2021-03-08 13:13:06', '2021-03-08 13:13:06'),
(568, 'Laron', 'Murray', 190, 4, '2021-03-08 13:13:06', '2021-03-08 13:13:06'),
(569, 'Mario', 'Blick', 190, 1, '2021-03-08 13:13:06', '2021-03-08 13:13:06'),
(570, 'Eloise', 'Hill', 190, 2, '2021-03-08 13:13:06', '2021-03-08 13:13:06'),
(571, 'Arno', 'Maggio', 190, 3, '2021-03-08 13:13:06', '2021-03-08 13:13:06'),
(572, 'Vincenza', 'Jaskolski', 190, 3, '2021-03-08 13:13:06', '2021-03-08 13:13:06'),
(573, 'Sierra', 'Carter', 191, 4, '2021-03-08 13:13:06', '2021-03-08 13:13:06'),
(574, 'Della', 'Schmidt', 191, 1, '2021-03-08 13:13:06', '2021-03-08 13:13:06'),
(575, 'Hailie', 'Morissette', 192, 1, '2021-03-08 13:13:06', '2021-03-08 13:13:06'),
(576, 'Austen', 'Leffler', 192, 3, '2021-03-08 13:13:06', '2021-03-08 13:13:06'),
(577, 'Lue', 'O\'Conner', 192, 2, '2021-03-08 13:13:06', '2021-03-08 13:13:06'),
(578, 'Jane', 'Murray', 193, 4, '2021-03-08 13:13:06', '2021-03-08 13:13:06'),
(579, 'Wilbert', 'Bahringer', 193, 2, '2021-03-08 13:13:06', '2021-03-08 13:13:06'),
(580, 'Columbus', 'Wiza', 193, 1, '2021-03-08 13:13:06', '2021-03-08 13:13:06'),
(581, 'Kenton', 'Kessler', 193, 1, '2021-03-08 13:13:06', '2021-03-08 13:13:06'),
(582, 'Dashawn', 'Dicki', 194, 4, '2021-03-08 13:13:06', '2021-03-08 13:13:06'),
(583, 'Daniella', 'Hills', 194, 3, '2021-03-08 13:13:06', '2021-03-08 13:13:06'),
(584, 'Alene', 'McDermott', 194, 3, '2021-03-08 13:13:06', '2021-03-08 13:13:06'),
(585, 'Tyrell', 'Wehner', 194, 1, '2021-03-08 13:13:06', '2021-03-08 13:13:06'),
(586, 'Anastacio', 'Murazik', 195, 3, '2021-03-08 13:13:06', '2021-03-08 13:13:06'),
(587, 'Elenor', 'Price', 196, 4, '2021-03-08 13:13:06', '2021-03-08 13:13:06'),
(588, 'Clay', 'Feeney', 196, 2, '2021-03-08 13:13:06', '2021-03-08 13:13:06'),
(589, 'Earline', 'Bayer', 196, 1, '2021-03-08 13:13:06', '2021-03-08 13:13:06'),
(590, 'Valentina', 'Boyer', 196, 3, '2021-03-08 13:13:06', '2021-03-08 13:13:06'),
(591, 'Kaya', 'Halvorson', 197, 2, '2021-03-08 13:13:06', '2021-03-08 13:13:06'),
(592, 'Marguerite', 'Schultz', 197, 4, '2021-03-08 13:13:06', '2021-03-08 13:13:06'),
(593, 'Mina', 'Bins', 198, 3, '2021-03-08 13:13:06', '2021-03-08 13:13:06'),
(594, 'Hassie', 'Mitchell', 198, 2, '2021-03-08 13:13:06', '2021-03-08 13:13:06'),
(595, 'Rhett', 'Bode', 198, 1, '2021-03-08 13:13:06', '2021-03-08 13:13:06'),
(596, 'Nicolette', 'Wilkinson', 198, 4, '2021-03-08 13:13:06', '2021-03-08 13:13:06'),
(597, 'Amina', 'Connelly', 198, 3, '2021-03-08 13:13:06', '2021-03-08 13:13:06'),
(598, 'Gilberto', 'Hyatt', 199, 2, '2021-03-08 13:13:06', '2021-03-08 13:13:06'),
(599, 'Orin', 'McClure', 199, 1, '2021-03-08 13:13:06', '2021-03-08 13:13:06'),
(600, 'Cory', 'Jerde', 199, 1, '2021-03-08 13:13:06', '2021-03-08 13:13:06'),
(601, 'Junius', 'Torphy', 199, 4, '2021-03-08 13:13:06', '2021-03-08 13:13:06'),
(602, 'Elfrieda', 'Hand', 199, 4, '2021-03-08 13:13:06', '2021-03-08 13:13:06'),
(603, 'Kailyn', 'Gottlieb', 200, 4, '2021-03-08 13:13:06', '2021-03-08 13:13:06'),
(604, 'Marjory', 'Howe', 200, 1, '2021-03-08 13:13:06', '2021-03-08 13:13:06'),
(605, 'Stanford', 'Kreiger', 200, 3, '2021-03-08 13:13:06', '2021-03-08 13:13:06'),
(606, 'Maurice', 'Orn', 200, 4, '2021-03-08 13:13:06', '2021-03-08 13:13:06'),
(607, 'Sasha', 'Metz', 200, 4, '2021-03-08 13:13:06', '2021-03-08 13:13:06'),
(608, 'Leo', 'Schmeler', 201, 4, '2021-03-08 13:13:06', '2021-03-08 13:13:06'),
(609, 'Darius', 'Turcotte', 201, 2, '2021-03-08 13:13:06', '2021-03-08 13:13:06'),
(610, 'Vincenza', 'Farrell', 202, 2, '2021-03-08 13:13:06', '2021-03-08 13:13:06'),
(611, 'Gay', 'Graham', 202, 3, '2021-03-08 13:13:06', '2021-03-08 13:13:06'),
(612, 'Kamryn', 'Feest', 202, 2, '2021-03-08 13:13:06', '2021-03-08 13:13:06'),
(613, 'Zoila', 'Aufderhar', 202, 4, '2021-03-08 13:13:06', '2021-03-08 13:13:06'),
(614, 'Nils', 'Schmidt', 202, 3, '2021-03-08 13:13:06', '2021-03-08 13:13:06'),
(615, 'Sebastian', 'Gottlieb', 203, 2, '2021-03-08 13:13:06', '2021-03-08 13:13:06'),
(616, 'Lorena', 'Leuschke', 203, 3, '2021-03-08 13:13:06', '2021-03-08 13:13:06'),
(617, 'Emely', 'Upton', 204, 2, '2021-03-08 13:13:06', '2021-03-08 13:13:06'),
(618, 'Trystan', 'Zulauf', 204, 1, '2021-03-08 13:13:06', '2021-03-08 13:13:06'),
(619, 'Name', 'Stoltenberg', 204, 3, '2021-03-08 13:13:06', '2021-03-08 13:13:06'),
(620, 'Jennie', 'Halvorson', 204, 1, '2021-03-08 13:13:06', '2021-03-08 13:13:06'),
(621, 'Domenic', 'Marquardt', 205, 4, '2021-03-08 13:13:06', '2021-03-08 13:13:06'),
(622, 'Wiley', 'Frami', 205, 4, '2021-03-08 13:13:06', '2021-03-08 13:13:06'),
(623, 'Cindy', 'Johns', 205, 3, '2021-03-08 13:13:06', '2021-03-08 13:13:06'),
(624, 'Charley', 'Swaniawski', 205, 2, '2021-03-08 13:13:06', '2021-03-08 13:13:06'),
(625, 'Mae', 'Doyle', 206, 4, '2021-03-08 13:13:06', '2021-03-08 13:13:06'),
(626, 'Diamond', 'Strosin', 206, 3, '2021-03-08 13:13:06', '2021-03-08 13:13:06'),
(627, 'Rylee', 'Lubowitz', 206, 3, '2021-03-08 13:13:06', '2021-03-08 13:13:06'),
(628, 'Kiley', 'Nienow', 206, 4, '2021-03-08 13:13:06', '2021-03-08 13:13:06'),
(629, 'Marquise', 'Kub', 206, 1, '2021-03-08 13:13:06', '2021-03-08 13:13:06'),
(630, 'Keaton', 'Bayer', 207, 1, '2021-03-08 13:13:06', '2021-03-08 13:13:06'),
(631, 'Dandre', 'Rogahn', 207, 2, '2021-03-08 13:13:06', '2021-03-08 13:13:06'),
(632, 'Eladio', 'Leannon', 207, 4, '2021-03-08 13:13:06', '2021-03-08 13:13:06');
INSERT INTO `contacts` (`id`, `first_name`, `last_name`, `company_id`, `contact_role_id`, `created_at`, `updated_at`) VALUES
(633, 'Britney', 'Gibson', 208, 3, '2021-03-08 13:13:06', '2021-03-08 13:13:06'),
(634, 'Manuel', 'Terry', 208, 1, '2021-03-08 13:13:06', '2021-03-08 13:13:06'),
(635, 'Ulices', 'Botsford', 209, 4, '2021-03-08 13:13:06', '2021-03-08 13:13:06'),
(636, 'Antonietta', 'Kohler', 209, 2, '2021-03-08 13:13:06', '2021-03-08 13:13:06'),
(637, 'Geraldine', 'Friesen', 210, 3, '2021-03-08 13:13:06', '2021-03-08 13:13:06'),
(638, 'Brennan', 'Haag', 211, 4, '2021-03-08 13:13:06', '2021-03-08 13:13:06'),
(639, 'Stefanie', 'Stehr', 212, 4, '2021-03-08 13:13:06', '2021-03-08 13:13:06'),
(640, 'Freddie', 'Hayes', 212, 3, '2021-03-08 13:13:06', '2021-03-08 13:13:06'),
(641, 'Claudie', 'Hegmann', 213, 3, '2021-03-08 13:13:06', '2021-03-08 13:13:06'),
(642, 'Asia', 'Altenwerth', 213, 3, '2021-03-08 13:13:06', '2021-03-08 13:13:06'),
(643, 'Melvin', 'Padberg', 213, 3, '2021-03-08 13:13:06', '2021-03-08 13:13:06'),
(644, 'Jerome', 'Schulist', 213, 2, '2021-03-08 13:13:06', '2021-03-08 13:13:06'),
(645, 'Gardner', 'Rippin', 214, 2, '2021-03-08 13:13:06', '2021-03-08 13:13:06'),
(646, 'Claude', 'Lehner', 215, 3, '2021-03-08 13:13:06', '2021-03-08 13:13:06'),
(647, 'Otilia', 'Kulas', 215, 1, '2021-03-08 13:13:06', '2021-03-08 13:13:06'),
(648, 'Celestine', 'White', 215, 4, '2021-03-08 13:13:06', '2021-03-08 13:13:06'),
(649, 'Zackery', 'Fay', 216, 1, '2021-03-08 13:13:06', '2021-03-08 13:13:06'),
(650, 'Monte', 'McLaughlin', 217, 1, '2021-03-08 13:13:06', '2021-03-08 13:13:06'),
(651, 'Camden', 'Kirlin', 217, 2, '2021-03-08 13:13:06', '2021-03-08 13:13:06'),
(652, 'Shemar', 'Nikolaus', 218, 2, '2021-03-08 13:13:06', '2021-03-08 13:13:06'),
(653, 'Chaya', 'Spinka', 218, 2, '2021-03-08 13:13:06', '2021-03-08 13:13:06'),
(654, 'Gordon', 'Carter', 218, 1, '2021-03-08 13:13:06', '2021-03-08 13:13:06'),
(655, 'Rae', 'Mayer', 219, 2, '2021-03-08 13:13:06', '2021-03-08 13:13:06'),
(656, 'Hardy', 'Beer', 219, 4, '2021-03-08 13:13:06', '2021-03-08 13:13:06'),
(657, 'Devan', 'Heller', 220, 3, '2021-03-08 13:13:06', '2021-03-08 13:13:06'),
(658, 'Albertha', 'Crooks', 220, 3, '2021-03-08 13:13:06', '2021-03-08 13:13:06'),
(659, 'Jalen', 'Williamson', 220, 4, '2021-03-08 13:13:06', '2021-03-08 13:13:06'),
(660, 'Reanna', 'Stamm', 221, 2, '2021-03-08 13:13:06', '2021-03-08 13:13:06'),
(661, 'Laney', 'McClure', 221, 3, '2021-03-08 13:13:06', '2021-03-08 13:13:06'),
(662, 'Ella', 'Gleichner', 222, 2, '2021-03-08 13:13:06', '2021-03-08 13:13:06'),
(663, 'Frida', 'Stamm', 222, 1, '2021-03-08 13:13:06', '2021-03-08 13:13:06'),
(664, 'Elisabeth', 'Stiedemann', 222, 2, '2021-03-08 13:13:06', '2021-03-08 13:13:06'),
(665, 'Lamar', 'Considine', 222, 2, '2021-03-08 13:13:06', '2021-03-08 13:13:06'),
(666, 'Jessyca', 'Schiller', 223, 2, '2021-03-08 13:13:06', '2021-03-08 13:13:06'),
(667, 'Victoria', 'King', 223, 1, '2021-03-08 13:13:06', '2021-03-08 13:13:06'),
(668, 'Kennith', 'Abernathy', 224, 1, '2021-03-08 13:13:06', '2021-03-08 13:13:06'),
(669, 'Karley', 'Russel', 224, 2, '2021-03-08 13:13:06', '2021-03-08 13:13:06'),
(670, 'Samir', 'Batz', 224, 4, '2021-03-08 13:13:06', '2021-03-08 13:13:06'),
(671, 'Darwin', 'Daugherty', 224, 1, '2021-03-08 13:13:06', '2021-03-08 13:13:06'),
(672, 'Eloy', 'Smith', 225, 1, '2021-03-08 13:13:06', '2021-03-08 13:13:06'),
(673, 'Leo', 'Bauch', 225, 3, '2021-03-08 13:13:06', '2021-03-08 13:13:06'),
(674, 'Thora', 'Johnston', 225, 4, '2021-03-08 13:13:06', '2021-03-08 13:13:06'),
(675, 'Baylee', 'Auer', 225, 2, '2021-03-08 13:13:06', '2021-03-08 13:13:06'),
(676, 'Jabari', 'Heaney', 226, 1, '2021-03-08 13:13:06', '2021-03-08 13:13:06'),
(677, 'Elton', 'Mraz', 227, 3, '2021-03-08 13:13:06', '2021-03-08 13:13:06'),
(678, 'German', 'Fisher', 227, 3, '2021-03-08 13:13:06', '2021-03-08 13:13:06'),
(679, 'Janelle', 'Bogisich', 228, 3, '2021-03-08 13:13:06', '2021-03-08 13:13:06'),
(680, 'Erna', 'Rohan', 229, 4, '2021-03-08 13:13:06', '2021-03-08 13:13:06'),
(681, 'Mandy', 'Heathcote', 229, 2, '2021-03-08 13:13:06', '2021-03-08 13:13:06'),
(682, 'Sylvia', 'Russel', 229, 2, '2021-03-08 13:13:06', '2021-03-08 13:13:06'),
(683, 'Gerardo', 'Welch', 230, 4, '2021-03-08 13:13:06', '2021-03-08 13:13:06'),
(684, 'Trent', 'Kovacek', 230, 3, '2021-03-08 13:13:06', '2021-03-08 13:13:06'),
(685, 'Gaetano', 'Olson', 231, 2, '2021-03-08 13:13:06', '2021-03-08 13:13:06'),
(686, 'Catherine', 'Mitchell', 231, 1, '2021-03-08 13:13:06', '2021-03-08 13:13:06'),
(687, 'Margarette', 'McDermott', 232, 1, '2021-03-08 13:13:06', '2021-03-08 13:13:06'),
(688, 'Mariana', 'Nitzsche', 233, 4, '2021-03-08 13:13:06', '2021-03-08 13:13:06'),
(689, 'Jaleel', 'Leuschke', 233, 1, '2021-03-08 13:13:06', '2021-03-08 13:13:06'),
(690, 'Rebeka', 'Considine', 233, 1, '2021-03-08 13:13:06', '2021-03-08 13:13:06'),
(691, 'Elsie', 'Hayes', 234, 4, '2021-03-08 13:13:06', '2021-03-08 13:13:06'),
(692, 'Ambrose', 'Kozey', 234, 1, '2021-03-08 13:13:06', '2021-03-08 13:13:06'),
(693, 'Sage', 'Windler', 234, 2, '2021-03-08 13:13:06', '2021-03-08 13:13:06'),
(694, 'Keven', 'Frami', 234, 3, '2021-03-08 13:13:06', '2021-03-08 13:13:06'),
(695, 'Lora', 'Macejkovic', 234, 1, '2021-03-08 13:13:06', '2021-03-08 13:13:06'),
(696, 'Ransom', 'Hirthe', 235, 3, '2021-03-08 13:13:06', '2021-03-08 13:13:06'),
(697, 'Schuyler', 'Beatty', 235, 4, '2021-03-08 13:13:06', '2021-03-08 13:13:06'),
(698, 'Litzy', 'Windler', 235, 2, '2021-03-08 13:13:06', '2021-03-08 13:13:06'),
(699, 'Abigale', 'Shanahan', 236, 1, '2021-03-08 13:13:06', '2021-03-08 13:13:06'),
(700, 'Melisa', 'Christiansen', 236, 1, '2021-03-08 13:13:06', '2021-03-08 13:13:06'),
(701, 'Alf', 'Moore', 236, 3, '2021-03-08 13:13:06', '2021-03-08 13:13:06'),
(702, 'Chandler', 'Padberg', 236, 3, '2021-03-08 13:13:06', '2021-03-08 13:13:06'),
(703, 'Lucile', 'Cormier', 237, 2, '2021-03-08 13:13:06', '2021-03-08 13:13:06'),
(704, 'Randal', 'Koepp', 237, 3, '2021-03-08 13:13:06', '2021-03-08 13:13:06'),
(705, 'Christian', 'Koch', 237, 2, '2021-03-08 13:13:06', '2021-03-08 13:13:06'),
(706, 'Amara', 'Sauer', 238, 1, '2021-03-08 13:13:06', '2021-03-08 13:13:06'),
(707, 'Emmanuelle', 'Stark', 238, 2, '2021-03-08 13:13:06', '2021-03-08 13:13:06'),
(708, 'Chelsey', 'Block', 239, 4, '2021-03-08 13:13:06', '2021-03-08 13:13:06'),
(709, 'Gregorio', 'Howe', 239, 1, '2021-03-08 13:13:06', '2021-03-08 13:13:06'),
(710, 'Grady', 'Rohan', 239, 2, '2021-03-08 13:13:06', '2021-03-08 13:13:06'),
(711, 'Destin', 'Krajcik', 239, 1, '2021-03-08 13:13:06', '2021-03-08 13:13:06'),
(712, 'Rubye', 'Considine', 240, 4, '2021-03-08 13:13:06', '2021-03-08 13:13:06'),
(713, 'Bobby', 'Green', 240, 3, '2021-03-08 13:13:06', '2021-03-08 13:13:06'),
(714, 'Jana', 'Balistreri', 240, 3, '2021-03-08 13:13:06', '2021-03-08 13:13:06'),
(715, 'Alexandria', 'Medhurst', 240, 1, '2021-03-08 13:13:06', '2021-03-08 13:13:06'),
(716, 'Heber', 'Howe', 240, 4, '2021-03-08 13:13:06', '2021-03-08 13:13:06'),
(717, 'Adrain', 'Oberbrunner', 241, 3, '2021-03-08 13:13:06', '2021-03-08 13:13:06'),
(718, 'Ronaldo', 'Parisian', 241, 3, '2021-03-08 13:13:06', '2021-03-08 13:13:06'),
(719, 'Freddie', 'Gleichner', 241, 1, '2021-03-08 13:13:06', '2021-03-08 13:13:06'),
(720, 'Felicity', 'Veum', 241, 1, '2021-03-08 13:13:06', '2021-03-08 13:13:06'),
(721, 'Precious', 'Watsica', 241, 4, '2021-03-08 13:13:06', '2021-03-08 13:13:06'),
(722, 'Sarah', 'Durgan', 242, 1, '2021-03-08 13:13:06', '2021-03-08 13:13:06'),
(723, 'Bettye', 'Reichert', 242, 4, '2021-03-08 13:13:06', '2021-03-08 13:13:06'),
(724, 'Shanie', 'Mosciski', 242, 4, '2021-03-08 13:13:06', '2021-03-08 13:13:06'),
(725, 'Cynthia', 'Hackett', 242, 2, '2021-03-08 13:13:06', '2021-03-08 13:13:06'),
(726, 'Mustafa', 'Renner', 243, 3, '2021-03-08 13:13:06', '2021-03-08 13:13:06'),
(727, 'Jabari', 'Reichel', 243, 2, '2021-03-08 13:13:06', '2021-03-08 13:13:06'),
(728, 'Cortez', 'Howe', 243, 4, '2021-03-08 13:13:06', '2021-03-08 13:13:06'),
(729, 'Olin', 'Osinski', 244, 3, '2021-03-08 13:13:06', '2021-03-08 13:13:06'),
(730, 'Mayra', 'Powlowski', 244, 1, '2021-03-08 13:13:06', '2021-03-08 13:13:06'),
(731, 'Ashlee', 'White', 244, 4, '2021-03-08 13:13:06', '2021-03-08 13:13:06'),
(732, 'Velma', 'McDermott', 244, 4, '2021-03-08 13:13:06', '2021-03-08 13:13:06'),
(733, 'Jovanny', 'Cummings', 244, 1, '2021-03-08 13:13:06', '2021-03-08 13:13:06'),
(734, 'Bradford', 'Rohan', 245, 3, '2021-03-08 13:13:06', '2021-03-08 13:13:06'),
(735, 'Jesse', 'Fadel', 245, 3, '2021-03-08 13:13:06', '2021-03-08 13:13:06'),
(736, 'Elaina', 'Becker', 245, 1, '2021-03-08 13:13:06', '2021-03-08 13:13:06'),
(737, 'Chandler', 'Heller', 246, 4, '2021-03-08 13:13:06', '2021-03-08 13:13:06'),
(738, 'Ottis', 'Cremin', 246, 3, '2021-03-08 13:13:06', '2021-03-08 13:13:06'),
(739, 'Jeramie', 'Osinski', 247, 3, '2021-03-08 13:13:06', '2021-03-08 13:13:06'),
(740, 'Rose', 'Prohaska', 247, 4, '2021-03-08 13:13:06', '2021-03-08 13:13:06'),
(741, 'Hyman', 'Dach', 247, 4, '2021-03-08 13:13:06', '2021-03-08 13:13:06'),
(742, 'Armando', 'Stokes', 247, 2, '2021-03-08 13:13:06', '2021-03-08 13:13:06'),
(743, 'Leora', 'Hayes', 247, 3, '2021-03-08 13:13:06', '2021-03-08 13:13:06'),
(744, 'Jakob', 'Ratke', 248, 1, '2021-03-08 13:13:06', '2021-03-08 13:13:06'),
(745, 'Tom', 'O\'Conner', 248, 2, '2021-03-08 13:13:06', '2021-03-08 13:13:06'),
(746, 'Elijah', 'Hyatt', 248, 1, '2021-03-08 13:13:06', '2021-03-08 13:13:06'),
(747, 'Raquel', 'Bernier', 248, 4, '2021-03-08 13:13:06', '2021-03-08 13:13:06'),
(748, 'Sterling', 'Thiel', 249, 3, '2021-03-08 13:13:06', '2021-03-08 13:13:06'),
(749, 'Monty', 'Larson', 249, 4, '2021-03-08 13:13:06', '2021-03-08 13:13:06'),
(750, 'Bianka', 'Kling', 249, 4, '2021-03-08 13:13:06', '2021-03-08 13:13:06'),
(751, 'Marianne', 'Willms', 249, 3, '2021-03-08 13:13:06', '2021-03-08 13:13:06'),
(752, 'Leone', 'Will', 249, 3, '2021-03-08 13:13:06', '2021-03-08 13:13:06'),
(753, 'Alessia', 'Spencer', 250, 1, '2021-03-08 13:13:06', '2021-03-08 13:13:06'),
(754, 'Mortimer', 'Berge', 250, 4, '2021-03-08 13:13:06', '2021-03-08 13:13:06'),
(755, 'Kayley', 'Jacobs', 250, 3, '2021-03-08 13:13:06', '2021-03-08 13:13:06'),
(756, 'Yazan', 'Khayal', 3, 2, '2021-03-08 13:13:28', '2021-03-08 13:13:28'),
(757, 'Yazan', 'Khayal', 11, 2, '2021-03-08 13:25:15', '2021-03-08 13:25:15'),
(758, 'Yazan', 'Khayal', 11, 2, '2021-03-08 13:25:23', '2021-03-08 13:25:23'),
(759, 'A', 'A', 40, 4, '2021-03-08 13:25:41', '2021-03-08 13:25:41'),
(763, 'Anas', 'Anas', 3, 2, '2021-03-08 13:43:23', '2021-03-08 13:43:23'),
(764, 'Anas', 'Anas', 3, 2, '2021-03-08 13:44:43', '2021-03-08 13:44:43'),
(766, 'A', 'v', 15, 1, '2021-03-08 13:46:49', '2021-03-08 13:46:49'),
(772, 'Tes', 'te', 16, 2, '2021-03-08 13:53:51', '2021-03-08 13:53:51'),
(773, 'Ana', 'Ana', 16, 1, '2021-03-08 14:00:57', '2021-03-08 14:00:57'),
(774, 'Ana', 'Ana', 16, 1, '2021-03-08 14:01:23', '2021-03-08 14:01:23');

-- --------------------------------------------------------

--
-- Table structure for table `contacts_address`
--

CREATE TABLE `contacts_address` (
  `id` bigint(20) UNSIGNED NOT NULL,
  `post_code` varchar(255) COLLATE utf8mb4_unicode_ci NOT NULL,
  `contacts_id` int(10) UNSIGNED NOT NULL,
  `created_at` timestamp NULL DEFAULT NULL,
  `updated_at` timestamp NULL DEFAULT NULL
) ENGINE=InnoDB DEFAULT CHARSET=utf8mb4 COLLATE=utf8mb4_unicode_ci;

--
-- Dumping data for table `contacts_address`
--

INSERT INTO `contacts_address` (`id`, `post_code`, `contacts_id`, `created_at`, `updated_at`) VALUES
(3, 'BB9 9HP', 773, '2021-03-08 14:00:57', '2021-03-08 14:00:57'),
(4, 'BB10 3QF', 773, '2021-03-08 14:00:57', '2021-03-08 14:00:57'),
(5, 'BB9 9HP', 774, '2021-03-08 14:01:23', '2021-03-08 14:01:23'),
(6, 'BB10 3QF', 774, '2021-03-08 14:01:23', '2021-03-08 14:01:23'),
(7, 'Ba', 1, '2021-03-08 14:09:09', '2021-03-08 14:09:09'),
(8, 'Bas', 1, '2021-03-08 14:10:28', '2021-03-08 14:10:28');

-- --------------------------------------------------------

--
-- Table structure for table `contact_roles`
--

CREATE TABLE `contact_roles` (
  `id` int(10) UNSIGNED NOT NULL,
  `name` varchar(255) COLLATE utf8mb4_unicode_ci NOT NULL,
  `created_at` timestamp NULL DEFAULT NULL,
  `updated_at` timestamp NULL DEFAULT NULL
) ENGINE=InnoDB DEFAULT CHARSET=utf8mb4 COLLATE=utf8mb4_unicode_ci;

--
-- Dumping data for table `contact_roles`
--

INSERT INTO `contact_roles` (`id`, `name`, `created_at`, `updated_at`) VALUES
(1, 'Director', '2021-03-08 13:13:05', '2021-03-08 13:13:05'),
(2, 'Owner', '2021-03-08 13:13:05', '2021-03-08 13:13:05'),
(3, 'Manager', '2021-03-08 13:13:05', '2021-03-08 13:13:05'),
(4, 'Staff', '2021-03-08 13:13:05', '2021-03-08 13:13:05');

-- --------------------------------------------------------

--
-- Table structure for table `jobs`
--

CREATE TABLE `jobs` (
  `id` bigint(20) UNSIGNED NOT NULL,
  `queue` varchar(255) COLLATE utf8mb4_unicode_ci NOT NULL,
  `payload` longtext COLLATE utf8mb4_unicode_ci NOT NULL,
  `attempts` tinyint(3) UNSIGNED NOT NULL,
  `reserved_at` int(10) UNSIGNED DEFAULT NULL,
  `available_at` int(10) UNSIGNED NOT NULL,
  `created_at` int(10) UNSIGNED NOT NULL
) ENGINE=InnoDB DEFAULT CHARSET=utf8mb4 COLLATE=utf8mb4_unicode_ci;

-- --------------------------------------------------------

--
-- Table structure for table `migrations`
--

CREATE TABLE `migrations` (
  `id` int(10) UNSIGNED NOT NULL,
  `migration` varchar(255) COLLATE utf8mb4_unicode_ci NOT NULL,
  `batch` int(11) NOT NULL
) ENGINE=InnoDB DEFAULT CHARSET=utf8mb4 COLLATE=utf8mb4_unicode_ci;

--
-- Dumping data for table `migrations`
--

INSERT INTO `migrations` (`id`, `migration`, `batch`) VALUES
(1, '2014_10_12_000000_create_users_table', 1),
(2, '2014_10_12_100000_create_password_resets_table', 1),
(3, '2017_08_09_093905_create_tables', 1),
(4, '2021_03_08_131653_create_contacts_address_table', 2),
(5, '2021_03_08_141238_create_orders_table', 3),
(6, '2021_03_08_151732_create_jobs_table', 4);

-- --------------------------------------------------------

--
-- Table structure for table `orders`
--

CREATE TABLE `orders` (
  `id` bigint(20) UNSIGNED NOT NULL,
  `name` varchar(255) COLLATE utf8mb4_unicode_ci NOT NULL,
  `price` decimal(8,2) NOT NULL,
  `text` text COLLATE utf8mb4_unicode_ci NOT NULL,
  `companies_id` int(10) UNSIGNED NOT NULL,
  `created_at` timestamp NULL DEFAULT NULL,
  `updated_at` timestamp NULL DEFAULT NULL
) ENGINE=InnoDB DEFAULT CHARSET=utf8mb4 COLLATE=utf8mb4_unicode_ci;

--
-- Dumping data for table `orders`
--

INSERT INTO `orders` (`id`, `name`, `price`, `text`, `companies_id`, `created_at`, `updated_at`) VALUES
(1, 'Test', '212.00', 'test', 1, '2021-03-08 14:29:23', '2021-03-08 14:41:59'),
(2, 'Test', '12.00', 'test', 1, '2021-03-08 14:29:31', '2021-03-08 14:29:31'),
(3, 'Lorem Ipsum is simply dummy text of the printing and typesetting industry', '22.00', 'Lorem Ipsum is simply dummy text of the printing and typesetting industry', 1, '2021-03-08 14:49:41', '2021-03-08 14:49:41');

-- --------------------------------------------------------

--
-- Table structure for table `password_resets`
--

CREATE TABLE `password_resets` (
  `email` varchar(255) COLLATE utf8mb4_unicode_ci NOT NULL,
  `token` varchar(255) COLLATE utf8mb4_unicode_ci NOT NULL,
  `created_at` timestamp NULL DEFAULT NULL
) ENGINE=InnoDB DEFAULT CHARSET=utf8mb4 COLLATE=utf8mb4_unicode_ci;

-- --------------------------------------------------------

--
-- Table structure for table `users`
--

CREATE TABLE `users` (
  `id` int(10) UNSIGNED NOT NULL,
  `name` varchar(255) COLLATE utf8mb4_unicode_ci NOT NULL,
  `email` varchar(255) COLLATE utf8mb4_unicode_ci NOT NULL,
  `email_verified_at` timestamp NULL DEFAULT NULL,
  `password` varchar(255) COLLATE utf8mb4_unicode_ci NOT NULL,
  `remember_token` varchar(100) COLLATE utf8mb4_unicode_ci DEFAULT NULL,
  `created_at` timestamp NULL DEFAULT NULL,
  `updated_at` timestamp NULL DEFAULT NULL
) ENGINE=InnoDB DEFAULT CHARSET=utf8mb4 COLLATE=utf8mb4_unicode_ci;

--
-- Dumping data for table `users`
--

INSERT INTO `users` (`id`, `name`, `email`, `email_verified_at`, `password`, `remember_token`, `created_at`, `updated_at`) VALUES
(1, 'Yazan Khayal', 'Yazan.Khayal@gmail.com', NULL, '$2y$10$IP1d6KRx0MooJXfxfTutDOFUCxT.i9Fs0ZJEYI9zZ7qHVuCT4yORu', NULL, '2021-03-08 13:13:19', '2021-03-08 13:13:19');

--
-- Indexes for dumped tables
--

--
-- Indexes for table `companies`
--
ALTER TABLE `companies`
  ADD PRIMARY KEY (`id`),
  ADD KEY `companies_company_type_id_foreign` (`company_type_id`),
  ADD KEY `companies_company_status_id_foreign` (`company_status_id`);

--
-- Indexes for table `company_statuses`
--
ALTER TABLE `company_statuses`
  ADD PRIMARY KEY (`id`);

--
-- Indexes for table `company_types`
--
ALTER TABLE `company_types`
  ADD PRIMARY KEY (`id`);

--
-- Indexes for table `contacts`
--
ALTER TABLE `contacts`
  ADD PRIMARY KEY (`id`),
  ADD KEY `contacts_company_id_foreign` (`company_id`),
  ADD KEY `contacts_contact_role_id_foreign` (`contact_role_id`);

--
-- Indexes for table `contacts_address`
--
ALTER TABLE `contacts_address`
  ADD PRIMARY KEY (`id`),
  ADD KEY `contacts_address_contacts_id_foreign` (`contacts_id`);

--
-- Indexes for table `contact_roles`
--
ALTER TABLE `contact_roles`
  ADD PRIMARY KEY (`id`);

--
-- Indexes for table `jobs`
--
ALTER TABLE `jobs`
  ADD PRIMARY KEY (`id`),
  ADD KEY `jobs_queue_index` (`queue`);

--
-- Indexes for table `migrations`
--
ALTER TABLE `migrations`
  ADD PRIMARY KEY (`id`);

--
-- Indexes for table `orders`
--
ALTER TABLE `orders`
  ADD PRIMARY KEY (`id`),
  ADD KEY `orders_companies_id_foreign` (`companies_id`);

--
-- Indexes for table `password_resets`
--
ALTER TABLE `password_resets`
  ADD KEY `password_resets_email_index` (`email`);

--
-- Indexes for table `users`
--
ALTER TABLE `users`
  ADD PRIMARY KEY (`id`),
  ADD UNIQUE KEY `users_email_unique` (`email`);

--
-- AUTO_INCREMENT for dumped tables
--

--
-- AUTO_INCREMENT for table `companies`
--
ALTER TABLE `companies`
  MODIFY `id` int(10) UNSIGNED NOT NULL AUTO_INCREMENT, AUTO_INCREMENT=251;

--
-- AUTO_INCREMENT for table `company_statuses`
--
ALTER TABLE `company_statuses`
  MODIFY `id` int(10) UNSIGNED NOT NULL AUTO_INCREMENT, AUTO_INCREMENT=5;

--
-- AUTO_INCREMENT for table `company_types`
--
ALTER TABLE `company_types`
  MODIFY `id` int(10) UNSIGNED NOT NULL AUTO_INCREMENT, AUTO_INCREMENT=5;

--
-- AUTO_INCREMENT for table `contacts`
--
ALTER TABLE `contacts`
  MODIFY `id` int(10) UNSIGNED NOT NULL AUTO_INCREMENT, AUTO_INCREMENT=775;

--
-- AUTO_INCREMENT for table `contacts_address`
--
ALTER TABLE `contacts_address`
  MODIFY `id` bigint(20) UNSIGNED NOT NULL AUTO_INCREMENT, AUTO_INCREMENT=9;

--
-- AUTO_INCREMENT for table `contact_roles`
--
ALTER TABLE `contact_roles`
  MODIFY `id` int(10) UNSIGNED NOT NULL AUTO_INCREMENT, AUTO_INCREMENT=5;

--
-- AUTO_INCREMENT for table `jobs`
--
ALTER TABLE `jobs`
  MODIFY `id` bigint(20) UNSIGNED NOT NULL AUTO_INCREMENT;

--
-- AUTO_INCREMENT for table `migrations`
--
ALTER TABLE `migrations`
  MODIFY `id` int(10) UNSIGNED NOT NULL AUTO_INCREMENT, AUTO_INCREMENT=7;

--
-- AUTO_INCREMENT for table `orders`
--
ALTER TABLE `orders`
  MODIFY `id` bigint(20) UNSIGNED NOT NULL AUTO_INCREMENT, AUTO_INCREMENT=4;

--
-- AUTO_INCREMENT for table `users`
--
ALTER TABLE `users`
  MODIFY `id` int(10) UNSIGNED NOT NULL AUTO_INCREMENT, AUTO_INCREMENT=2;

--
-- Constraints for dumped tables
--

--
-- Constraints for table `companies`
--
ALTER TABLE `companies`
  ADD CONSTRAINT `companies_company_status_id_foreign` FOREIGN KEY (`company_status_id`) REFERENCES `company_statuses` (`id`),
  ADD CONSTRAINT `companies_company_type_id_foreign` FOREIGN KEY (`company_type_id`) REFERENCES `company_types` (`id`);

--
-- Constraints for table `contacts`
--
ALTER TABLE `contacts`
  ADD CONSTRAINT `contacts_company_id_foreign` FOREIGN KEY (`company_id`) REFERENCES `companies` (`id`),
  ADD CONSTRAINT `contacts_contact_role_id_foreign` FOREIGN KEY (`contact_role_id`) REFERENCES `contact_roles` (`id`);

--
-- Constraints for table `contacts_address`
--
ALTER TABLE `contacts_address`
  ADD CONSTRAINT `contacts_address_contacts_id_foreign` FOREIGN KEY (`contacts_id`) REFERENCES `contacts` (`id`);

--
-- Constraints for table `orders`
--
ALTER TABLE `orders`
  ADD CONSTRAINT `orders_companies_id_foreign` FOREIGN KEY (`companies_id`) REFERENCES `companies` (`id`);
COMMIT;

/*!40101 SET CHARACTER_SET_CLIENT=@OLD_CHARACTER_SET_CLIENT */;
/*!40101 SET CHARACTER_SET_RESULTS=@OLD_CHARACTER_SET_RESULTS */;
/*!40101 SET COLLATION_CONNECTION=@OLD_COLLATION_CONNECTION */;
